,Molecule ChEMBL ID,Molecule Name,Molecular Weight,#RO5 Violations,Smiles,Standard Value,Standard Units,pChEMBL Value,Mol,COOH
1,CHEMBL134342,THIOCTIC ACID,206.33,0,O=C(O)CCCC[C@@H]1CCSS1,0.0,nM,,<rdkit.Chem.rdchem.Mol object at 0x7f5efeaea970>,1
105,CHEMBL1288533,,313.06,0,O=C(O)C1=Cc2c(ccc(Cl)c2Cl)OC1C(F)(F)F,3.0,nM,8.52,<rdkit.Chem.rdchem.Mol object at 0x7f5efeae7350>,1
127,CHEMBL1077,BROMFENAC,334.17,0,Nc1c(CC(=O)O)cccc1C(=O)c1ccc(Br)cc1,4.803,nM,8.32,<rdkit.Chem.rdchem.Mol object at 0x7f5efeae6740>,1
138,CHEMBL1630225,,334.72,0,CC(C)(C)c1cc2c(cc1Cl)C=C(C(=O)O)C(C(F)(F)F)O2,5.0,nM,8.3,<rdkit.Chem.rdchem.Mol object at 0x7f5efeae6270>,1
140,CHEMBL139,DICLOFENAC,296.15,0,O=C(O)Cc1ccccc1Nc1c(Cl)cccc1Cl,5.0,nM,8.3,<rdkit.Chem.rdchem.Mol object at 0x7f5efeae6190>,1
144,CHEMBL1630249,,320.69,0,CCCc1cc2c(cc1Cl)C=C(C(=O)O)[C@H](C(F)(F)F)O2,5.0,nM,8.3,<rdkit.Chem.rdchem.Mol object at 0x7f5efeae5f90>,1
156,CHEMBL1950017,,312.30,0,Cc1ccnc(C(=O)c2[nH]c3ccc(F)cc3c2CC(=O)O)c1,5.68,nM,8.25,<rdkit.Chem.rdchem.Mol object at 0x7f5efeae5900>,1
160,CHEMBL6,INDOMETHACIN,357.79,0,COc1ccc2c(c1)c(CC(=O)O)c(C)n2C(=O)c1ccc(Cl)cc1,5.9,nM,8.23,<rdkit.Chem.rdchem.Mol object at 0x7f5efeae5740>,1
175,CHEMBL1288592,,347.50,0,O=C(O)C1=Cc2c(cc(Cl)c(Cl)c2Cl)OC1C(F)(F)F,6.0,nM,8.22,<rdkit.Chem.rdchem.Mol object at 0x7f5efeae4f20>,1
181,CHEMBL3576979,,586.63,1,Cc1ccc(S(=O)(=O)n2cc(C(=O)C(=O)N[C@@H](Cc3c[nH]c4ccccc34)C(=O)NCC(=O)O)c3ccccc32)cc1,6.3,nM,8.2,<rdkit.Chem.rdchem.Mol object at 0x7f5efeae4c80>,1
184,CHEMBL1950016,,346.75,0,Cc1ccnc(C(=O)c2[nH]c3cc(Cl)c(F)cc3c2CC(=O)O)c1,6.77,nM,8.17,<rdkit.Chem.rdchem.Mol object at 0x7f5efeae4b30>,1
188,CHEMBL1630251,,334.72,0,CC(C)Cc1cc2c(cc1Cl)C=C(C(=O)O)[C@H](C(F)(F)F)O2,7.0,nM,8.15,<rdkit.Chem.rdchem.Mol object at 0x7f5efeae4970>,1
200,CHEMBL404108,LUMIRACOXIB,293.73,0,Cc1ccc(Nc2c(F)cccc2Cl)c(CC(=O)O)c1,7.0,nM,8.15,<rdkit.Chem.rdchem.Mol object at 0x7f5efeae4200>,1
213,CHEMBL1630253,,366.79,0,CC(C)CSc1cc2c(cc1Cl)C=C(C(=O)O)[C@H](C(F)(F)F)O2,8.0,nM,8.1,<rdkit.Chem.rdchem.Mol object at 0x7f5efeae3c10>,1
218,CHEMBL4084676,,449.11,1,O=C(O)C1=Cc2cc(S(F)(F)(F)(F)F)cc(Br)c2O[C@@H]1C(F)(F)F,8.0,nM,8.1,<rdkit.Chem.rdchem.Mol object at 0x7f5efeae39e0>,1
233,CHEMBL3355612,,357.15,0,[2H]C([2H])([2H])c1cc2c(c(C([2H])([2H])[2H])c1Br)C=C(C(=O)O)[C@@H](C(F)(F)F)O2,9.0,nM,8.05,<rdkit.Chem.rdchem.Mol object at 0x7f5efeae32e0>,1
239,CHEMBL1230348,,313.06,0,O=C(O)C1=Cc2cc(Cl)cc(Cl)c2O[C@@H]1C(F)(F)F,9.8,nM,8.01,<rdkit.Chem.rdchem.Mol object at 0x7f5efeae2f90>,1
241,CHEMBL1950009,,312.30,0,Cc1ccnc(C(=O)c2[nH]c3cc(F)ccc3c2CC(=O)O)c1,9.81,nM,8.01,<rdkit.Chem.rdchem.Mol object at 0x7f5efeae2e40>,1
246,CHEMBL4785934,,399.45,0,NS(=O)(=O)c1ccc(-n2nc(C(=O)O)cc2-c2cc3ccccc3s2)cc1,10.0,nM,8.0,<rdkit.Chem.rdchem.Mol object at 0x7f5efeae2c10>,1
250,CHEMBL563,FLURBIPROFEN,244.26,0,CC(C(=O)O)c1ccc(-c2ccccc2)c(F)c1,10.0,nM,8.0,<rdkit.Chem.rdchem.Mol object at 0x7f5efeae2a50>,1
252,CHEMBL4074716,,370.22,1,O=C(O)C1=Cc2cc(S(F)(F)(F)(F)F)ccc2O[C@@H]1C(F)(F)F,10.0,nM,8.0,<rdkit.Chem.rdchem.Mol object at 0x7f5efeae2970>,1
277,CHEMBL509,MECLOFENAMIC ACID,296.15,0,Cc1ccc(Cl)c(Nc2ccccc2C(=O)O)c1Cl,11.0,nM,7.96,<rdkit.Chem.rdchem.Mol object at 0x7f5efeae1c10>,1
308,CHEMBL3342574,,343.12,0,[3H]C([3H])([3H])c1cc(Br)cc2c1O[C@H](C(F)(F)F)C(C(=O)O)=C2,14.0,nM,7.85,<rdkit.Chem.rdchem.Mol object at 0x7f5efeae0b30>,1
321,CHEMBL104009,,288.32,0,CCOc1cccc(-c2ccc(C(C)C(=O)O)cc2F)c1,14.0,nM,7.85,<rdkit.Chem.rdchem.Mol object at 0x7f5efeae0510>,1
322,CHEMBL1290802,,342.19,0,Cc1cc(OC(F)(F)F)cc2c1O[C@H](C(F)(F)F)C(C(=O)O)=C2,14.0,nM,7.85,<rdkit.Chem.rdchem.Mol object at 0x7f5efeae04a0>,1
337,CHEMBL1957450,,394.45,1,N[C@@H](Cc1c[nH]c2ccccc12)C(=O)N[C@@H](CS)C(=O)N[C@@H](CO)C(=O)O,15.0,nM,7.82,<rdkit.Chem.rdchem.Mol object at 0x7f5efeadfc10>,1
345,CHEMBL1950013,,322.36,0,CCc1ccc2[nH]c(C(=O)c3cc(C)ccn3)c(CC(=O)O)c2c1,15.7,nM,7.8,<rdkit.Chem.rdchem.Mol object at 0x7f5efeadf740>,1
352,CHEMBL1290564,,342.19,0,Cc1cc(OC(F)(F)F)cc2c1OC(C(F)(F)F)C(C(=O)O)=C2,16.0,nM,7.8,<rdkit.Chem.rdchem.Mol object at 0x7f5efeadf3c0>,1
355,CHEMBL3355611,,312.70,0,[2H]C([2H])([2H])c1cc2c(c(C([2H])([2H])[2H])c1Cl)C=C(C(=O)O)[C@@H](C(F)(F)F)O2,16.0,nM,7.8,<rdkit.Chem.rdchem.Mol object at 0x7f5efeadf270>,1
359,CHEMBL23588,FLUFENAMIC ACID,281.23,0,O=C(O)c1ccccc1Nc1cccc(C(F)(F)F)c1,16.0,nM,7.8,<rdkit.Chem.rdchem.Mol object at 0x7f5efeadf0b0>,1
369,CHEMBL1288618,,304.65,0,C=Cc1cc(Cl)cc2c1OC(C(F)(F)F)C(C(=O)O)=C2,18.0,nM,7.75,<rdkit.Chem.rdchem.Mol object at 0x7f5efeadeba0>,1
373,CHEMBL1288555,,313.06,0,O=C(O)C1=Cc2cc(Cl)cc(Cl)c2OC1C(F)(F)F,18.0,nM,7.75,<rdkit.Chem.rdchem.Mol object at 0x7f5efeade9e0>,1
376,CHEMBL4091547,,370.22,1,O=C(O)C1=Cc2cc(S(F)(F)(F)(F)F)ccc2OC1C(F)(F)F,18.0,nM,7.75,<rdkit.Chem.rdchem.Mol object at 0x7f5efeade890>,1
381,CHEMBL1630229,,366.79,0,CC(C)CSc1cc2c(cc1Cl)C=C(C(=O)O)C(C(F)(F)F)O2,19.0,nM,7.72,<rdkit.Chem.rdchem.Mol object at 0x7f5efeade660>,1
385,CHEMBL1950020,,368.82,0,O=C(O)Cc1c(C(=O)c2cc3c(cn2)CCCC3)[nH]c2cc(Cl)ccc12,19.2,nM,7.72,<rdkit.Chem.rdchem.Mol object at 0x7f5efeade4a0>,1
395,CHEMBL76084,,275.74,0,Cc1cccc(Cl)c1Nc1ccccc1CC(=O)O,20.0,nM,7.7,<rdkit.Chem.rdchem.Mol object at 0x7f5efeaddf20>,1
408,CHEMBL4535676,,377.40,0,C[C@H](NC(=O)OCc1ccccc1)C(=O)NCC(=O)N1CCC[C@H]1C(=O)O,20.0,nM,7.7,<rdkit.Chem.rdchem.Mol object at 0x7f5efeadd970>,1
411,CHEMBL3355613,,295.66,0,[2H]C([2H])([2H])c1cc(Cl)cc2c1O[C@H](C(F)(F)F)C(C(=O)O)=C2,20.0,nM,7.7,<rdkit.Chem.rdchem.Mol object at 0x7f5efeadd820>,1
415,CHEMBL1630227,,334.72,0,CC(C)Cc1cc2c(cc1Cl)C=C(C(=O)O)C(C(F)(F)F)O2,20.0,nM,7.7,<rdkit.Chem.rdchem.Mol object at 0x7f5efeadd5f0>,1
434,CHEMBL317434,,226.28,0,CC(C(=O)O)c1ccc(-c2ccccc2)cc1,21.0,nM,7.68,<rdkit.Chem.rdchem.Mol object at 0x7f5efeadcc10>,1
438,CHEMBL1669033,,389.16,1,O=C(O)C1=Cc2cc(Cl)cc(-c3ccc(Cl)cc3)c2OC1C(F)(F)F,21.1,nM,7.68,<rdkit.Chem.rdchem.Mol object at 0x7f5efeadca50>,1
466,CHEMBL1288640,,302.63,0,C#Cc1cc(Cl)c2c(c1)C=C(C(=O)O)C(C(F)(F)F)O2,26.0,nM,7.58,<rdkit.Chem.rdchem.Mol object at 0x7f5efeadbcf0>,1
469,CHEMBL4095906,,384.24,1,Cc1cc(S(F)(F)(F)(F)F)cc2c1OC(C(F)(F)F)C(C(=O)O)=C2,26.0,nM,7.58,<rdkit.Chem.rdchem.Mol object at 0x7f5efeadbba0>,1
470,CHEMBL571,KETOPROFEN,254.29,0,CC(C(=O)O)c1cccc(C(=O)c2ccccc2)c1,26.0,nM,7.58,<rdkit.Chem.rdchem.Mol object at 0x7f5efeadbb30>,1
475,CHEMBL75435,DEXKETOPROFEN,254.29,0,C[C@H](C(=O)O)c1cccc(C(=O)c2ccccc2)c1,27.0,nM,7.57,<rdkit.Chem.rdchem.Mol object at 0x7f5efeadb890>,1
483,CHEMBL407109,,344.62,1,Cc1ccc(Nc2c(Cl)cc(Cl)cc2Cl)c(CC(=O)O)c1,28.0,nM,7.55,<rdkit.Chem.rdchem.Mol object at 0x7f5efeadb4a0>,1
487,CHEMBL3342570,,337.09,0,Cc1cc(Br)cc2c1OC(C(F)(F)F)C(C(=O)O)=C2,28.0,nM,7.55,<rdkit.Chem.rdchem.Mol object at 0x7f5efeadb200>,1
494,CHEMBL1290459,OCAROCOXIB,328.16,0,O=C(O)C1=Cc2cc(OC(F)(F)F)ccc2OC1C(F)(F)F,29.0,nM,7.54,<rdkit.Chem.rdchem.Mol object at 0x7f5efeadacf0>,1
511,CHEMBL1288695,,306.67,0,Cc1c(Cl)cc2c(c1C)O[C@H](C(F)(F)F)C(C(=O)O)=C2,30.0,nM,7.52,<rdkit.Chem.rdchem.Mol object at 0x7f5efeada430>,1
526,CHEMBL1950019,,377.23,0,CCc1cc(C(=O)c2[nH]c3cc(Cl)ccc3c2CC(=O)O)ncc1Cl,30.7,nM,7.51,<rdkit.Chem.rdchem.Mol object at 0x7f5efead9b30>,1
569,CHEMBL3355609,,340.11,0,[2H]C([2H])([2H])c1cc(Br)cc2c1OC(C(F)(F)F)C(C(=O)O)=C2,39.0,nM,7.41,<rdkit.Chem.rdchem.Mol object at 0x7f5efeb19510>,1
574,CHEMBL1950014,,378.31,0,Cc1ccnc(C(=O)c2[nH]c3ccc(OC(F)(F)F)cc3c2CC(=O)O)c1,39.6,nM,7.4,<rdkit.Chem.rdchem.Mol object at 0x7f5efeb192e0>,1
587,CHEMBL4781301,,388.39,0,Cc1c(-c2nn(-c3ccccc3)cc2/C=N/O)nnn1-c1ccc(C(=O)O)cc1,40.0,nM,7.4,<rdkit.Chem.rdchem.Mol object at 0x7f5efeb1ac80>,1
610,CHEMBL1290563,,312.17,0,O=C(O)C1=Cc2cc(C(F)(F)F)ccc2OC1C(F)(F)F,41.0,nM,7.39,<rdkit.Chem.rdchem.Mol object at 0x7f5efeb1a120>,1
611,CHEMBL1950012,,350.42,0,Cc1ccnc(C(=O)c2[nH]c3ccc(C(C)(C)C)cc3c2CC(=O)O)c1,41.5,nM,7.38,<rdkit.Chem.rdchem.Mol object at 0x7f5efeb1a0b0>,1
614,CHEMBL1289129,,370.25,0,CCCc1cc(OC(F)(F)F)cc2c1O[C@H](C(F)(F)F)C(C(=O)O)=C2,42.0,nM,7.38,<rdkit.Chem.rdchem.Mol object at 0x7f5efeb1bf20>,1
615,CHEMBL3355603,,357.15,0,[2H]C([2H])([2H])c1cc2c(c(C([2H])([2H])[2H])c1Br)C=C(C(=O)O)C(C(F)(F)F)O2,43.0,nM,7.37,<rdkit.Chem.rdchem.Mol object at 0x7f5efeb1beb0>,1
616,CHEMBL1288617,,347.50,0,O=C(O)C1=Cc2cc(Cl)c(Cl)c(Cl)c2OC1C(F)(F)F,43.0,nM,7.37,<rdkit.Chem.rdchem.Mol object at 0x7f5efeb1be40>,1
617,CHEMBL1290682,,370.25,0,CCCc1cc(OC(F)(F)F)cc2c1OC(C(F)(F)F)C(C(=O)O)=C2,43.0,nM,7.37,<rdkit.Chem.rdchem.Mol object at 0x7f5efeb1bdd0>,1
623,CHEMBL1288619,,302.63,0,C#Cc1cc(Cl)cc2c1OC(C(F)(F)F)C(C(=O)O)=C2,43.0,nM,7.37,<rdkit.Chem.rdchem.Mol object at 0x7f5efeb1bac0>,1
632,CHEMBL1630231,,378.77,0,CCC(CC)COc1cc2c(cc1Cl)C=C(C(=O)O)C(C(F)(F)F)O2,46.0,nM,7.34,<rdkit.Chem.rdchem.Mol object at 0x7f5efeb1b660>,1
633,CHEMBL1288728,,306.67,0,Cc1cc2c(c(C)c1Cl)C=C(C(=O)O)[C@@H](C(F)(F)F)O2,46.0,nM,7.34,<rdkit.Chem.rdchem.Mol object at 0x7f5efeb1b5f0>,1
635,CHEMBL4069602,,412.30,1,CCCc1cc(S(F)(F)(F)(F)F)cc2c1OC(C(F)(F)F)C(C(=O)O)=C2,46.0,nM,7.34,<rdkit.Chem.rdchem.Mol object at 0x7f5efeb1b510>,1
638,CHEMBL76154,,255.32,0,Cc1cccc(C)c1Nc1ccccc1CC(=O)O,47.0,nM,7.33,<rdkit.Chem.rdchem.Mol object at 0x7f5efeb1b350>,1
643,CHEMBL259218,,310.18,0,Cc1ccc(Nc2c(Cl)cccc2Cl)c(CC(=O)O)c1,47.0,nM,7.33,<rdkit.Chem.rdchem.Mol object at 0x7f5efeb1b0b0>,1
654,CHEMBL1290565,,356.22,0,CCc1cc(OC(F)(F)F)cc2c1OC(C(F)(F)F)C(C(=O)O)=C2,49.0,nM,7.31,<rdkit.Chem.rdchem.Mol object at 0x7f5efeb1cb30>,1
660,CHEMBL4792785,,318.36,0,C/C(=N\NC(N)=S)c1nnn(-c2ccc(C(=O)O)cc2)c1C,50.0,nM,7.3,<rdkit.Chem.rdchem.Mol object at 0x7f5efeb1c890>,1
665,CHEMBL3809863,,492.57,0,CC(C)C[C@H](NC(=O)CNC(=O)[C@@H](NC(=O)OCc1ccccc1)C(C)C)C(=O)N[C@@H](C)C(=O)O,50.0,nM,7.3,<rdkit.Chem.rdchem.Mol object at 0x7f5efeb1c580>,1
693,CHEMBL3774784,,387.45,1,CCCCCCNC(=O)Oc1cccc(-c2ccc([C@H](C)C(=O)O)cc2F)c1,50.0,nM,7.3,<rdkit.Chem.rdchem.Mol object at 0x7f5efeb1d7b0>,1
696,CHEMBL1288565,,292.64,0,Cc1cc(Cl)cc2c1OC(C(F)(F)F)C(C(=O)O)=C2,51.0,nM,7.29,<rdkit.Chem.rdchem.Mol object at 0x7f5efeb1d660>,1
714,CHEMBL3355602,,312.70,0,[2H]C([2H])([2H])c1cc2c(c(C([2H])([2H])[2H])c1Cl)C=C(C(=O)O)C(C(F)(F)F)O2,54.0,nM,7.27,<rdkit.Chem.rdchem.Mol object at 0x7f5efeb1ed60>,1
721,CHEMBL4072067,,449.11,1,O=C(O)C1=Cc2cc(S(F)(F)(F)(F)F)cc(Br)c2OC1C(F)(F)F,56.0,nM,7.25,<rdkit.Chem.rdchem.Mol object at 0x7f5efeb1ea50>,1
724,CHEMBL4109738,,474.51,0,Cc1c(CC(=O)N[C@H](CO)C(=O)O)cc(-c2ccc(S(C)(=O)=O)cc2)n1-c1cccc(F)c1,57.0,nM,7.24,<rdkit.Chem.rdchem.Mol object at 0x7f5efeb1e900>,1
734,CHEMBL3355608,,295.66,0,[2H]C([2H])([2H])c1cc(Cl)cc2c1OC(C(F)(F)F)C(C(=O)O)=C2,59.0,nM,7.23,<rdkit.Chem.rdchem.Mol object at 0x7f5efeb1e4a0>,1
754,CHEMBL1290684,,356.22,0,CCc1cc(OC(F)(F)F)cc2c1O[C@H](C(F)(F)F)C(C(=O)O)=C2,60.0,nM,7.22,<rdkit.Chem.rdchem.Mol object at 0x7f5efeb1fa50>,1
763,CHEMBL4068589,,398.27,1,CCc1cc(S(F)(F)(F)(F)F)cc2c1OC(C(F)(F)F)C(C(=O)O)=C2,60.0,nM,7.22,<rdkit.Chem.rdchem.Mol object at 0x7f5efeb1f660>,1
767,CHEMBL407368,,289.76,0,Cc1ccc(Nc2c(C)cccc2Cl)c(CC(=O)O)c1,60.0,nM,7.22,<rdkit.Chem.rdchem.Mol object at 0x7f5efeb1f4a0>,1
771,CHEMBL3355610,,361.25,0,[2H]C([2H])([2H])C([2H])([2H])c1cc(OC(F)(F)F)cc2c1OC(C(F)(F)F)C(C(=O)O)=C2,61.0,nM,7.21,<rdkit.Chem.rdchem.Mol object at 0x7f5efeb1f2e0>,1
775,CHEMBL1230209,,334.72,0,CC(C)(C)c1cc2c(cc1Cl)C=C(C(=O)O)[C@@H](C(F)(F)F)O2,62.0,nM,7.21,<rdkit.Chem.rdchem.Mol object at 0x7f5efeb1f120>,1
776,CHEMBL1288554,,313.06,0,O=C(O)C1=Cc2cc(Cl)c(Cl)cc2OC1C(F)(F)F,62.0,nM,7.21,<rdkit.Chem.rdchem.Mol object at 0x7f5efeb1f0b0>,1
777,CHEMBL3355606,,295.66,0,[2H]C([2H])([2H])c1cc(Cl)c2c(c1)C=C(C(=O)O)C(C(F)(F)F)O2,63.0,nM,7.2,<rdkit.Chem.rdchem.Mol object at 0x7f5efeb1f040>,1
788,CHEMBL1669039,,386.73,1,Cc1ccc(-c2cc(Cl)cc3c2OC(C(F)(F)F)C(C(=O)O)=C3)cc1F,66.0,nM,7.18,<rdkit.Chem.rdchem.Mol object at 0x7f5efeb20ac0>,1
793,CHEMBL1630257,,348.75,0,CC(C)CCc1cc2c(cc1Cl)C=C(C(=O)O)[C@H](C(F)(F)F)O2,68.0,nM,7.17,<rdkit.Chem.rdchem.Mol object at 0x7f5efeb20820>,1
797,CHEMBL1288771,,306.67,0,Cc1cc2c(c(C)c1Cl)C=C(C(=O)O)C(C(F)(F)F)O2,69.0,nM,7.16,<rdkit.Chem.rdchem.Mol object at 0x7f5efeb20660>,1
800,CHEMBL3342569,,430.01,0,Cc1c(Br)c(C)c2c(c1Br)OC(C(F)(F)F)C(C(=O)O)=C2,69.0,nM,7.16,<rdkit.Chem.rdchem.Mol object at 0x7f5efeb204a0>,1
807,CHEMBL316771,,304.32,0,COc1cc(OC)cc(-c2ccc(C(C)C(=O)O)cc2F)c1,70.0,nM,7.16,<rdkit.Chem.rdchem.Mol object at 0x7f5efeb20120>,1
815,CHEMBL1630230,,363.76,0,CC(C)CN(C)c1cc2c(cc1Cl)C=C(C(=O)O)C(C(F)(F)F)O2,70.0,nM,7.16,<rdkit.Chem.rdchem.Mol object at 0x7f5efeb21d60>,1
819,CHEMBL4797489,,452.93,0,C/C(=N\Nc1nc(-c2ccc(Cl)cc2)cs1)c1nnn(-c2ccc(C(=O)O)cc2)c1C,70.0,nM,7.16,<rdkit.Chem.rdchem.Mol object at 0x7f5efeb21ba0>,1
825,CHEMBL1288538,,268.19,0,C#Cc1ccc2c(c1)C=C(C(=O)O)C(C(F)(F)F)O2,73.0,nM,7.14,<rdkit.Chem.rdchem.Mol object at 0x7f5efeb21900>,1
838,CHEMBL1288566,,292.64,0,Cc1cc(Cl)c2c(c1)C=C(C(=O)O)C(C(F)(F)F)O2,78.0,nM,7.11,<rdkit.Chem.rdchem.Mol object at 0x7f5efeb21200>,1
839,CHEMBL1669035,,382.77,1,CCc1ccc(-c2cc(Cl)cc3c2OC(C(F)(F)F)C(C(=O)O)=C3)cc1,78.4,nM,7.11,<rdkit.Chem.rdchem.Mol object at 0x7f5efeb21190>,1
847,CHEMBL4528493,,362.43,0,CC(C)(C)OC(=O)N1CCC[C@H]1C(=O)N[C@@H](Cc1ccccc1)C(=O)O,80.0,nM,7.1,<rdkit.Chem.rdchem.Mol object at 0x7f5efeb22dd0>,1
869,CHEMBL3355604,,436.05,0,[2H]C([2H])([2H])c1c(Br)c2c(c(C([2H])([2H])[2H])c1Br)C=C(C(=O)O)C(C(F)(F)F)O2,84.0,nM,7.08,<rdkit.Chem.rdchem.Mol object at 0x7f5efeb22270>,1
872,CHEMBL1630255,,363.76,0,CC(C)CN(C)c1cc2c(cc1Cl)C=C(C(=O)O)[C@H](C(F)(F)F)O2,85.0,nM,7.07,<rdkit.Chem.rdchem.Mol object at 0x7f5efeb22120>,1
882,CHEMBL3104548,,488.54,0,Cc1c(CC(=O)NC(CCO)C(=O)O)cc(-c2ccc(S(C)(=O)=O)cc2)n1-c1ccc(F)cc1,86.0,nM,7.07,<rdkit.Chem.rdchem.Mol object at 0x7f5efeb23c80>,1
910,CHEMBL1630228,,348.75,0,CC(C)CCc1cc2c(cc1Cl)C=C(C(=O)O)C(C(F)(F)F)O2,94.0,nM,7.03,<rdkit.Chem.rdchem.Mol object at 0x7f5efeb24f90>,1
916,CHEMBL3576974,,586.63,1,Cc1ccc(S(=O)(=O)n2cc(C(=O)C(=O)NCC(=O)N[C@@H](Cc3c[nH]c4ccccc34)C(=O)O)c3ccccc32)cc1,99.0,nM,7.0,<rdkit.Chem.rdchem.Mol object at 0x7f5efeb24c10>,1
917,CHEMBL1288590,,313.06,0,O=C(O)C1=Cc2c(Cl)ccc(Cl)c2OC1C(F)(F)F,100.0,nM,7.0,<rdkit.Chem.rdchem.Mol object at 0x7f5efeb24ba0>,1
920,CHEMBL18797,SULINDAC SULFIDE,340.42,1,CSc1ccc(/C=C2/C(C)=C(CC(=O)O)c3cc(F)ccc32)cc1,100.0,nM,7.0,<rdkit.Chem.rdchem.Mol object at 0x7f5efeb24a50>,1
925,CHEMBL4636792,,402.84,0,N[C@@H](Cc1cn(-c2nc(Cl)nc(N3CCOCC3)n2)c2ccccc12)C(=O)O,100.0,nM,7.0,<rdkit.Chem.rdchem.Mol object at 0x7f5efeb247b0>,1
931,CHEMBL1288600,,272.22,0,Cc1cc(C)c2c(c1)C=C(C(=O)O)C(C(F)(F)F)O2,100.0,nM,7.0,<rdkit.Chem.rdchem.Mol object at 0x7f5efeb24510>,1
933,CHEMBL1316,CARPROFEN,273.72,0,CC(C(=O)O)c1ccc2c(c1)[nH]c1ccc(Cl)cc12,100.0,nM,7.0,<rdkit.Chem.rdchem.Mol object at 0x7f5efeb24430>,1
936,CHEMBL442441,,353.21,0,C/C(=N/OCc1ccccc1Nc1c(Cl)cccc1Cl)C(=O)O,100.0,nM,7.0,<rdkit.Chem.rdchem.Mol object at 0x7f5efeb242e0>,1
940,CHEMBL107953,,332.37,0,CCOc1cc(OCC)cc(-c2ccc(C(C)C(=O)O)cc2F)c1,100.0,nM,7.0,<rdkit.Chem.rdchem.Mol object at 0x7f5efeb24120>,1
950,CHEMBL521,IBUPROFEN,206.28,0,CC(C)Cc1ccc(C(C)C(=O)O)cc1,100.0,nM,7.0,<rdkit.Chem.rdchem.Mol object at 0x7f5efeb25c10>,1
953,CHEMBL257539,,332.37,0,CCOc1cccc(OCC)c1-c1ccc(C(C)C(=O)O)cc1F,100.0,nM,7.0,<rdkit.Chem.rdchem.Mol object at 0x7f5efeb25ac0>,1
964,CHEMBL1669034,,368.74,1,Cc1ccc(-c2cc(Cl)cc3c2OC(C(F)(F)F)C(C(=O)O)=C3)cc1,103.0,nM,6.99,<rdkit.Chem.rdchem.Mol object at 0x7f5efeb255f0>,1
977,CHEMBL1071,OXAPROZIN,293.32,0,O=C(O)CCc1nc(-c2ccccc2)c(-c2ccccc2)o1,110.0,nM,6.96,<rdkit.Chem.rdchem.Mol object at 0x7f5efeb26eb0>,1
985,CHEMBL1290320,,354.71,0,O=C(O)C1=Cc2cc(Cl)cc(-c3ccccc3)c2OC1C(F)(F)F,110.0,nM,6.96,<rdkit.Chem.rdchem.Mol object at 0x7f5efeb26a50>,1
995,CHEMBL1288564,,269.18,0,N#Cc1ccc2c(c1)C=C(C(=O)O)C(C(F)(F)F)O2,110.0,nM,6.96,<rdkit.Chem.rdchem.Mol object at 0x7f5efeb26580>,1
999,CHEMBL4279764,,489.94,0,O=C(O)c1ccc(-n2cc(CSc3nc4ccccc4c(=O)n3-c3ccc(Cl)cc3)nn2)cc1,110.0,nM,6.96,<rdkit.Chem.rdchem.Mol object at 0x7f5efeb263c0>,1
1008,CHEMBL281513,,517.01,2,COc1ccc2c(c1)c(Cc1nc(-c3ccc(C(=O)O)cc3)cs1)c(C)n2C(=O)c1ccc(Cl)cc1,120.0,nM,6.92,<rdkit.Chem.rdchem.Mol object at 0x7f5efeb27eb0>,1
1009,CHEMBL1288772,,306.67,0,Cc1c(Cl)cc2c(c1C)OC(C(F)(F)F)C(C(=O)O)=C2,120.0,nM,6.92,<rdkit.Chem.rdchem.Mol object at 0x7f5efeb27e40>,1
1011,CHEMBL1201124,KETOROLAC TROMETHAMINE,376.41,0,NC(CO)(CO)CO.O=C(c1ccccc1)c1ccc2n1CCC2C(=O)O,120.0,nM,6.92,<rdkit.Chem.rdchem.Mol object at 0x7f5efeb27d60>,1
1024,CHEMBL1630232,,292.64,0,Cc1c(Cl)ccc2c1C=C(C(=O)O)C(C(F)(F)F)O2,120.0,nM,6.92,<rdkit.Chem.rdchem.Mol object at 0x7f5efeb277b0>,1
1040,CHEMBL1950018,,324.34,0,COc1ccc2[nH]c(C(=O)c3cc(C)ccn3)c(CC(=O)O)c2c1,128.0,nM,6.89,<rdkit.Chem.rdchem.Mol object at 0x7f5efeb28f20>,1
1041,CHEMBL1950010,,324.34,0,COc1ccc2c(CC(=O)O)c(C(=O)c3cc(C)ccn3)[nH]c2c1,128.0,nM,6.89,<rdkit.Chem.rdchem.Mol object at 0x7f5efeb28eb0>,1
1063,CHEMBL469,KETOROLAC,255.27,0,O=C(c1ccccc1)c1ccc2n1CCC2C(=O)O,140.0,nM,6.85,<rdkit.Chem.rdchem.Mol object at 0x7f5efeb284a0>,1
1065,CHEMBL4111609,,519.51,1,Cc1c(CC(=O)N[C@H](CO[N+](=O)[O-])C(=O)O)cc(-c2ccc(S(C)(=O)=O)cc2)n1-c1cccc(F)c1,140.0,nM,6.85,<rdkit.Chem.rdchem.Mol object at 0x7f5efeb283c0>,1
1073,CHEMBL1290321,,378.73,0,O=C(O)C1=Cc2cc(Cl)cc(C#Cc3ccccc3)c2OC1C(F)(F)F,140.0,nM,6.85,<rdkit.Chem.rdchem.Mol object at 0x7f5efeb29f90>,1
1083,CHEMBL1630250,,320.69,0,CCCc1cc2c(cc1Cl)C=C(C(=O)O)[C@@H](C(F)(F)F)O2,140.0,nM,6.85,<rdkit.Chem.rdchem.Mol object at 0x7f5efeb29a50>,1
1093,CHEMBL153,TROLOX,250.29,0,Cc1c(C)c2c(c(C)c1O)CCC(C)(C(=O)O)O2,150.0,nM,6.82,<rdkit.Chem.rdchem.Mol object at 0x7f5efeb294a0>,1
1098,CHEMBL1630254,,366.79,0,CC(C)CSc1cc2c(cc1Cl)C=C(C(=O)O)[C@@H](C(F)(F)F)O2,150.0,nM,6.82,<rdkit.Chem.rdchem.Mol object at 0x7f5efeb29270>,1
1102,CHEMBL1630226,,320.69,0,CCCc1cc2c(cc1Cl)C=C(C(=O)O)C(C(F)(F)F)O2,150.0,nM,6.82,<rdkit.Chem.rdchem.Mol object at 0x7f5efeb290b0>,1
1103,CHEMBL2386352,,411.76,0,COc1ccc2c(c1)c(CC(=O)O)c(C(F)(F)F)n2C(=O)c1ccc(Cl)cc1,150.0,nM,6.82,<rdkit.Chem.rdchem.Mol object at 0x7f5efeb29040>,1
1106,CHEMBL3355607,,278.26,0,[2H]C([2H])([2H])c1cc2c(c(C([2H])([2H])[2H])c1)OC(C(F)(F)F)C(C(=O)O)=C2,150.0,nM,6.82,<rdkit.Chem.rdchem.Mol object at 0x7f5efeb2aeb0>,1
1112,CHEMBL325787,,266.34,0,C=CCc1cccc(-c2ccc(C(C)C(=O)O)cc2)c1,150.0,nM,6.82,<rdkit.Chem.rdchem.Mol object at 0x7f5efeb2ac10>,1
1126,CHEMBL4109772,,474.51,0,Cc1c(CC(=O)N[C@H](CO)C(=O)O)cc(-c2ccc(S(C)(=O)=O)cc2)n1-c1ccc(F)cc1,160.0,nM,6.8,<rdkit.Chem.rdchem.Mol object at 0x7f5efeb2a510>,1
1129,CHEMBL3775104,,373.42,0,CCCCCNC(=O)Oc1cccc(-c2ccc(C(C)C(=O)O)cc2F)c1,160.0,nM,6.8,<rdkit.Chem.rdchem.Mol object at 0x7f5efeb2a3c0>,1
1131,CHEMBL258738,,329.71,0,O=C(O)Cc1ccccc1Nc1c(Cl)cccc1C(F)(F)F,166.0,nM,6.78,<rdkit.Chem.rdchem.Mol object at 0x7f5efeb2a270>,1
1138,CHEMBL3774442,,387.45,1,CCCCCCOC(=O)Nc1cccc(-c2ccc(C(C)C(=O)O)cc2F)c1,170.0,nM,6.77,<rdkit.Chem.rdchem.Mol object at 0x7f5efeb2bf20>,1
1167,CHEMBL3342568,,351.12,0,Cc1cc2c(c(C)c1Br)C=C(C(=O)O)C(C(F)(F)F)O2,190.0,nM,6.72,<rdkit.Chem.rdchem.Mol object at 0x7f5efeb2b0b0>,1
1168,CHEMBL106828,,253.30,0,C=Cc1cncc(-c2ccc(C(C)C(=O)O)cc2)c1,190.0,nM,6.72,<rdkit.Chem.rdchem.Mol object at 0x7f5efeb2b040>,1
1175,CHEMBL4088012,,426.33,1,CCCCc1cc(S(F)(F)(F)(F)F)cc2c1OC(C(F)(F)F)C(C(=O)O)=C2,190.0,nM,6.72,<rdkit.Chem.rdchem.Mol object at 0x7f5efeb2cc10>,1
1181,CHEMBL104592,,265.31,0,CC(C(=O)O)c1ccc(-c2ccc3[nH]ccc3c2)cc1,190.0,nM,6.72,<rdkit.Chem.rdchem.Mol object at 0x7f5efeb2c820>,1
1197,CHEMBL3775510,,437.46,1,CCCCCCNC(=O)Oc1cccc(-c2ccc(C(C)C(=O)O)cc2C(F)(F)F)c1,200.0,nM,6.7,<rdkit.Chem.rdchem.Mol object at 0x7f5efeb2de40>,1
1207,CHEMBL3809958,,245.28,0,CC(C)[C@H](NC(=O)[C@H](C)NC(=O)CN)C(=O)O,200.0,nM,6.7,<rdkit.Chem.rdchem.Mol object at 0x7f5efeb2d970>,1
1225,CHEMBL1288730,,306.67,0,Cc1cc(Cl)c(C)c2c1OC(C(F)(F)F)C(C(=O)O)=C2,210.0,nM,6.68,<rdkit.Chem.rdchem.Mol object at 0x7f5efeb2ef90>,1
1251,CHEMBL106445,,279.34,0,Cc1cc2cc(-c3ccc(C(C)C(=O)O)cc3)ccc2[nH]1,230.0,nM,6.64,<rdkit.Chem.rdchem.Mol object at 0x7f5efeb2e350>,1
1274,CHEMBL1288601,,308.64,0,COc1cc(Cl)c2c(c1)C=C(C(=O)O)C(C(F)(F)F)O2,240.0,nM,6.62,<rdkit.Chem.rdchem.Mol object at 0x7f5efeb2f660>,1
1277,CHEMBL3775770,,373.42,0,CCCCCCNC(=O)Oc1cccc(-c2ccc(CC(=O)O)cc2F)c1,240.0,nM,6.62,<rdkit.Chem.rdchem.Mol object at 0x7f5efeb2f510>,1
1279,CHEMBL1669037,,414.83,1,CCSc1ccc(-c2cc(Cl)cc3c2OC(C(F)(F)F)C(C(=O)O)=C3)cc1,242.0,nM,6.62,<rdkit.Chem.rdchem.Mol object at 0x7f5efeb2f430>,1
1281,CHEMBL1288468,,258.19,0,Cc1ccc2c(c1)C=C(C(=O)O)C(C(F)(F)F)O2,250.0,nM,6.6,<rdkit.Chem.rdchem.Mol object at 0x7f5efeb2f350>,1
1318,CHEMBL1288641,,286.25,0,CCc1cc(C)c2c(c1)C=C(C(=O)O)C(C(F)(F)F)O2,270.0,nM,6.57,<rdkit.Chem.rdchem.Mol object at 0x7f5efeb30190>,1
1351,CHEMBL12952,,230.26,0,COc1ccc2cc(C(C)C(=O)O)ccc2c1,280.0,nM,6.55,<rdkit.Chem.rdchem.Mol object at 0x7f5efeb31270>,1
1360,CHEMBL4779635,,302.29,0,C/C(=N\NC(N)=O)c1nnn(-c2ccc(C(=O)O)cc2)c1C,290.0,nM,6.54,<rdkit.Chem.rdchem.Mol object at 0x7f5efeb32dd0>,1
1363,CHEMBL1288697,,272.22,0,Cc1cc(C)c2c(c1)C=C(C(=O)O)[C@@H](C(F)(F)F)O2,290.0,nM,6.54,<rdkit.Chem.rdchem.Mol object at 0x7f5efeb32c80>,1
1372,CHEMBL146703,,353.21,0,Cc1ccc(Cl)c(Nc2ccccc2C(=O)NCC(=O)O)c1Cl,300.0,nM,6.52,<rdkit.Chem.rdchem.Mol object at 0x7f5efeb32890>,1
1376,CHEMBL1630224,,320.69,0,CC(C)c1cc2c(cc1Cl)C=C(C(=O)O)C(C(F)(F)F)O2,300.0,nM,6.52,<rdkit.Chem.rdchem.Mol object at 0x7f5efeb326d0>,1
1378,CHEMBL3809120,,492.57,0,CC(C)C[C@H](NC(=O)[C@H](C)NC(=O)[C@@H](NC(=O)CNC(=O)OCc1ccccc1)C(C)C)C(=O)O,300.0,nM,6.52,<rdkit.Chem.rdchem.Mol object at 0x7f5efeb325f0>,1
1380,CHEMBL441414,LOXOPROFEN TRANS ALCOHOL,248.32,0,C[C@H](C(=O)O)c1ccc(C[C@H]2CCC[C@@H]2O)cc1,300.0,nM,6.52,<rdkit.Chem.rdchem.Mol object at 0x7f5efeb32510>,1
1394,CHEMBL274587,,270.28,0,CC(C(=O)O)c1cc(C(=O)c2ccccc2)ccc1O,300.0,nM,6.52,<rdkit.Chem.rdchem.Mol object at 0x7f5efeb33eb0>,1
1397,CHEMBL4062140,,370.22,1,O=C(O)C1=Cc2cc(S(F)(F)(F)(F)F)ccc2O[C@H]1C(F)(F)F,302.0,nM,6.52,<rdkit.Chem.rdchem.Mol object at 0x7f5efeb33cf0>,1
1400,CHEMBL2283155,,381.25,0,CS(=O)(=O)c1ccc(/C=C(/C(=O)O)c2cccc(Br)c2)cc1,310.0,nM,6.51,<rdkit.Chem.rdchem.Mol object at 0x7f5efeb33ba0>,1
1404,CHEMBL4110339,,519.51,1,Cc1c(CC(=O)N[C@H](CO[N+](=O)[O-])C(=O)O)cc(-c2ccc(S(C)(=O)=O)cc2)n1-c1ccc(F)cc1,310.0,nM,6.51,<rdkit.Chem.rdchem.Mol object at 0x7f5efeb339e0>,1
1417,CHEMBL2283164,,456.54,0,CS(=O)(=O)c1ccc(/C=C(/C(=O)O)c2ccc(-c3ccc(S(C)(=O)=O)cc3)cc2)cc1,320.0,nM,6.5,<rdkit.Chem.rdchem.Mol object at 0x7f5efeb33350>,1
1418,CHEMBL2283160,,414.43,0,CS(=O)(=O)c1ccc(/C=C(/C(=O)O)c2ccc(-c3ccc(F)cc3F)cc2)cc1,320.0,nM,6.5,<rdkit.Chem.rdchem.Mol object at 0x7f5efeb332e0>,1
1420,CHEMBL3775979,,401.48,1,CCCCCCCNC(=O)Oc1cccc(-c2ccc(C(C)C(=O)O)cc2F)c1,320.0,nM,6.5,<rdkit.Chem.rdchem.Mol object at 0x7f5efeb33200>,1
1429,CHEMBL1288467,,278.61,0,O=C(O)C1=Cc2cc(Cl)ccc2OC1C(F)(F)F,320.0,nM,6.5,<rdkit.Chem.rdchem.Mol object at 0x7f5efeb34d60>,1
1431,CHEMBL104147,,314.38,0,CCOc1cc(OCC)cc(-c2ccc(C(C)C(=O)O)cc2)c1,320.0,nM,6.5,<rdkit.Chem.rdchem.Mol object at 0x7f5efeb34c80>,1
1432,CHEMBL2283161,,436.53,1,CC(C)Oc1ccc(-c2ccc(/C(=C\c3ccc(S(C)(=O)=O)cc3)C(=O)O)cc2)cc1,320.0,nM,6.5,<rdkit.Chem.rdchem.Mol object at 0x7f5efeb34c10>,1
1434,CHEMBL259842,,269.34,0,CCc1cccc(C)c1Nc1ccccc1CC(=O)O,327.0,nM,6.49,<rdkit.Chem.rdchem.Mol object at 0x7f5efeb34b30>,1
1444,CHEMBL1288539,,272.22,0,CCc1ccc2c(c1)C=C(C(=O)O)C(C(F)(F)F)O2,330.0,nM,6.48,<rdkit.Chem.rdchem.Mol object at 0x7f5efeb34660>,1
1446,CHEMBL107938,,286.40,0,CCSc1cccc(-c2ccc(C(C)C(=O)O)cc2)c1,330.0,nM,6.48,<rdkit.Chem.rdchem.Mol object at 0x7f5efeb34580>,1
1461,CHEMBL1669040,,398.76,1,COc1ccc(-c2cc(Cl)cc3c2OC(C(F)(F)F)C(C(=O)O)=C3)cc1C,339.0,nM,6.47,<rdkit.Chem.rdchem.Mol object at 0x7f5efeb35e40>,1
1463,CHEMBL4075294,,449.11,1,O=C(O)C1=Cc2cc(S(F)(F)(F)(F)F)cc(Br)c2O[C@H]1C(F)(F)F,340.0,nM,6.47,<rdkit.Chem.rdchem.Mol object at 0x7f5efeb35d60>,1
1466,CHEMBL1630236,,386.78,1,O=C(O)C1=Cc2c(ccc(Cl)c2Sc2ccccc2)OC1C(F)(F)F,340.0,nM,6.47,<rdkit.Chem.rdchem.Mol object at 0x7f5efeb35c10>,1
1484,CHEMBL1669036,,398.76,1,CCOc1ccc(-c2cc(Cl)cc3c2OC(C(F)(F)F)C(C(=O)O)=C3)cc1,355.0,nM,6.45,<rdkit.Chem.rdchem.Mol object at 0x7f5efeb353c0>,1
1487,CHEMBL4445953,,438.49,0,O=C1NC(=S)S/C1=C\c1ccc(OCc2cn(-c3ccc(C(=O)O)cc3)nn2)cc1,360.0,nM,6.44,<rdkit.Chem.rdchem.Mol object at 0x7f5efeb35270>,1
1496,CHEMBL300982,LICOFELONE,379.89,1,CC1(C)Cc2c(-c3ccccc3)c(-c3ccc(Cl)cc3)c(CC(=O)O)n2C1,370.0,nM,6.43,<rdkit.Chem.rdchem.Mol object at 0x7f5efeb36d60>,1
1530,CHEMBL3809116,,392.46,0,CC(C)C[C@H](NC(=O)[C@H](Cc1ccccc1)NC(=O)CNC(=O)CN)C(=O)O,400.0,nM,6.4,<rdkit.Chem.rdchem.Mol object at 0x7f5efeb37e40>,1
1535,CHEMBL463571,LEUCANTHIN B,464.42,0,C=C1C(=O)O[C@H]2[C@H]1[C@H](OC(=O)[C@]1(C)O[C@@H]1C)[C@@H](OC(C)=O)/C(C(=O)O)=C\[C@H]1O[C@H]1[C@]1(C)O[C@H]21,400.0,nM,6.4,<rdkit.Chem.rdchem.Mol object at 0x7f5efeb37c10>,1
1536,CHEMBL4747094,,383.84,0,NS(=O)(=O)c1ccc(-n2nc(C(=O)O)cc2-c2ccc(Cl)s2)cc1,400.0,nM,6.4,<rdkit.Chem.rdchem.Mol object at 0x7f5efeb37ba0>,1
1549,CHEMBL1950011,,322.36,0,CCc1ccc2c(CC(=O)O)c(C(=O)c3cc(C)ccn3)[nH]c2c1,414.0,nM,6.38,<rdkit.Chem.rdchem.Mol object at 0x7f5efeb37580>,1
1553,CHEMBL4445524,,376.24,1,O=C(O)CCCc1nc(-c2ccc(Cl)c(Cl)c2)c(-c2ccccc2)o1,420.0,nM,6.38,<rdkit.Chem.rdchem.Mol object at 0x7f5efeb373c0>,1
1557,CHEMBL4781068,,245.24,0,CC(=O)c1nnn(-c2ccc(C(=O)O)cc2)c1C,420.0,nM,6.38,<rdkit.Chem.rdchem.Mol object at 0x7f5efeb37200>,1
1561,CHEMBL1950015,,392.33,0,CCc1ccnc(C(=O)c2[nH]c3ccc(OC(F)(F)F)cc3c2CC(=O)O)c1,421.0,nM,6.38,<rdkit.Chem.rdchem.Mol object at 0x7f5efeb37040>,1
1567,CHEMBL3775041,,387.45,1,CCCCCCNC(=O)Oc1cccc(-c2ccc(C(C)C(=O)O)cc2F)c1,430.0,nM,6.37,<rdkit.Chem.rdchem.Mol object at 0x7f5efeb38c80>,1
1576,CHEMBL259972,MOFEZOLAC,339.35,0,COc1ccc(-c2noc(CC(=O)O)c2-c2ccc(OC)cc2)cc1,440.0,nM,6.36,<rdkit.Chem.rdchem.Mol object at 0x7f5efeb38820>,1
1585,CHEMBL4535128,,422.42,0,O=C1NC(=O)/C(=C/c2ccc(OCc3cn(-c4ccc(C(=O)O)cc4)nn3)cc2)S1,450.0,nM,6.35,<rdkit.Chem.rdchem.Mol object at 0x7f5efeb383c0>,1
1621,CHEMBL3810167,,526.59,1,CC(C)C[C@H](NC(=O)[C@H](Cc1ccccc1)NC(=O)CNC(=O)CNC(=O)OCc1ccccc1)C(=O)O,500.0,nM,6.3,<rdkit.Chem.rdchem.Mol object at 0x7f5efeb39040>,1
1658,CHEMBL1945285,,224.27,0,CC(C)Cc1ccc([C@H](CF)C(=O)O)cc1,530.0,nM,6.28,<rdkit.Chem.rdchem.Mol object at 0x7f5efeb3bd60>,1
1662,CHEMBL1630223,,370.71,0,O=C(O)C1=Cc2c(ccc(Cl)c2Oc2ccccc2)OC1C(F)(F)F,530.0,nM,6.28,<rdkit.Chem.rdchem.Mol object at 0x7f5efeb3bb30>,1
1687,CHEMBL3775653,,386.47,1,CCCCCCNC(=O)Nc1cccc(-c2ccc(C(C)C(=O)O)cc2F)c1,560.0,nM,6.25,<rdkit.Chem.rdchem.Mol object at 0x7f5efeb3cf90>,1
1694,CHEMBL622,ETODOLAC,287.36,0,CCc1cccc2c3c([nH]c12)C(CC)(CC(=O)O)OCC3,561.0,nM,6.25,<rdkit.Chem.rdchem.Mol object at 0x7f5efeb3ca50>,1
1707,CHEMBL1950021,,386.84,0,CCOc1cnc(C(=O)c2[nH]c3cc(Cl)ccc3c2CC(=O)O)cc1CC,598.0,nM,6.22,<rdkit.Chem.rdchem.Mol object at 0x7f5efeb3c430>,1
1720,CHEMBL686,MEFENAMIC ACID,241.29,0,Cc1cccc(Nc2ccccc2C(=O)O)c1C,602.0,nM,6.22,<rdkit.Chem.rdchem.Mol object at 0x7f5efeb3de40>,1
1728,CHEMBL408156,,313.25,0,O=C(O)Cc1ccccc1Nc1c(F)cccc1C(F)(F)F,629.0,nM,6.2,<rdkit.Chem.rdchem.Mol object at 0x7f5efeb3d9e0>,1
1752,CHEMBL4277617,,455.50,0,O=C(O)c1ccc(-n2cc(CSc3nc4ccccc4c(=O)n3-c3ccccc3)nn2)cc1,670.0,nM,6.17,<rdkit.Chem.rdchem.Mol object at 0x7f5efeb3ee40>,1
1757,CHEMBL104336,,267.33,0,C/C=C/c1cncc(-c2ccc(C(C)C(=O)O)cc2)c1,670.0,nM,6.17,<rdkit.Chem.rdchem.Mol object at 0x7f5efeb3ec10>,1
1764,CHEMBL1290683,,358.19,0,COc1cc(OC(F)(F)F)cc2c1OC(C(F)(F)F)C(C(=O)O)=C2,680.0,nM,6.17,<rdkit.Chem.rdchem.Mol object at 0x7f5efeb3e890>,1
1768,CHEMBL3774686,,369.46,1,CCCCCCNC(=O)Oc1cccc(-c2ccc(C(C)C(=O)O)cc2)c1,690.0,nM,6.16,<rdkit.Chem.rdchem.Mol object at 0x7f5efeb3e660>,1
1795,CHEMBL175,DEXIBUPROFEN,206.28,0,CC(C)Cc1ccc([C@H](C)C(=O)O)cc1,730.0,nM,6.14,<rdkit.Chem.rdchem.Mol object at 0x7f5efeb3f970>,1
1799,CHEMBL432782,,252.31,0,C=Cc1cccc(-c2ccc(C(C)C(=O)O)cc2)c1,730.0,nM,6.14,<rdkit.Chem.rdchem.Mol object at 0x7f5efeb3f740>,1
1800,CHEMBL1288469,,272.18,0,O=Cc1ccc2c(c1)C=C(C(=O)O)C(C(F)(F)F)O2,730.0,nM,6.14,<rdkit.Chem.rdchem.Mol object at 0x7f5efeb3f6d0>,1
1801,CHEMBL3774941,,403.91,1,CCCCCCNC(=O)Oc1cccc(-c2ccc(C(C)C(=O)O)cc2Cl)c1,730.0,nM,6.14,<rdkit.Chem.rdchem.Mol object at 0x7f5efeb3f660>,1
1804,CHEMBL405744,,320.33,0,NS(=O)(=O)c1ccc(/N=C/c2ccc(O)c(C(=O)O)c2)cc1,740.0,nM,6.13,<rdkit.Chem.rdchem.Mol object at 0x7f5efeb3f510>,1
1805,CHEMBL1682200,,258.23,0,O=C(O)c1cccc(Nc2ccc([N+](=O)[O-])cc2)c1,740.0,nM,6.13,<rdkit.Chem.rdchem.Mol object at 0x7f5efeb3f4a0>,1
1814,CHEMBL1290433,,433.79,0,NS(=O)(=O)c1ccc(-c2cc(Cl)cc3c2OC(C(F)(F)F)C(C(=O)O)=C3)cc1,758.0,nM,6.12,<rdkit.Chem.rdchem.Mol object at 0x7f5efeb3f0b0>,1
1837,CHEMBL1034,DICLOFENAC SODIUM,318.14,0,O=C([O-])Cc1ccccc1Nc1c(Cl)cccc1Cl.[Na+],800.0,nM,6.1,<rdkit.Chem.rdchem.Mol object at 0x7f5efeb40580>,1
1864,CHEMBL1290803,,356.22,0,CCc1cc(OC(F)(F)F)cc2c1O[C@@H](C(F)(F)F)C(C(=O)O)=C2,860.0,nM,6.07,<rdkit.Chem.rdchem.Mol object at 0x7f5efeb41900>,1
1868,CHEMBL598972,,279.24,0,O=C(O)Cc1ccccc1-c1ccn(C(F)F)c(=O)c1,860.0,nM,6.07,<rdkit.Chem.rdchem.Mol object at 0x7f5efeb41740>,1
1871,CHEMBL1630256,,363.76,0,CC(C)CN(C)c1cc2c(cc1Cl)C=C(C(=O)O)[C@@H](C(F)(F)F)O2,870.0,nM,6.06,<rdkit.Chem.rdchem.Mol object at 0x7f5efeb415f0>,1
1879,CHEMBL3576973,,457.46,0,Cc1ccc(S(=O)(=O)n2cc(C(=O)C(=O)NCC(=O)NCC(=O)O)c3ccccc32)cc1,890.0,nM,6.05,<rdkit.Chem.rdchem.Mol object at 0x7f5efeb41270>,1
1881,CHEMBL596692,,279.24,0,O=C(O)Cc1ccc(-c2ccn(C(F)F)c(=O)c2)cc1,890.0,nM,6.05,<rdkit.Chem.rdchem.Mol object at 0x7f5efeb41190>,1
1886,CHEMBL4286599,,534.40,1,O=C(O)c1ccc(-n2cc(CSc3nc4ccccc4c(=O)n3-c3ccc(Br)cc3)nn2)cc1,890.0,nM,6.05,<rdkit.Chem.rdchem.Mol object at 0x7f5efeb42f20>,1
1894,CHEMBL154,NAPROXEN,230.26,0,COc1ccc2cc([C@H](C)C(=O)O)ccc2c1,900.0,nM,6.05,<rdkit.Chem.rdchem.Mol object at 0x7f5efeb42b30>,1
1896,CHEMBL435298,ESFLURBIPROFEN,244.26,0,C[C@H](C(=O)O)c1ccc(-c2ccccc2)c(F)c1,910.0,nM,6.04,<rdkit.Chem.rdchem.Mol object at 0x7f5efeb42a50>,1
1903,CHEMBL1630252,,334.72,0,CC(C)Cc1cc2c(cc1Cl)C=C(C(=O)O)[C@@H](C(F)(F)F)O2,910.0,nM,6.04,<rdkit.Chem.rdchem.Mol object at 0x7f5efeb426d0>,1
1906,CHEMBL63323,NIFLUMIC ACID,282.22,0,O=C(O)c1cccnc1Nc1cccc(C(F)(F)F)c1,918.0,nM,6.04,<rdkit.Chem.rdchem.Mol object at 0x7f5efeb42580>,1
1909,CHEMBL4466390,,906.67,3,O=C(O)C[C@@H]1C(=O)O[C@H]2[C@@H]3OC(=O)c4cc(O)c(O)c(O)c4-c4ccccc4C(=O)OC[C@H]2O[C@@H](OC(=O)c2cc(O)c(O)c(O)c2)[C@@H]3OC(=O)c2cc(O)c(O)c3c2[C@H]1[C@H](O)C(=O)O3,920.0,nM,6.04,<rdkit.Chem.rdchem.Mol object at 0x7f5efeb42430>,1
1916,CHEMBL3775430,,414.46,1,CCCCCCNC(=O)Oc1cccc(-c2ccc(C(C)C(=O)O)cc2[N+](=O)[O-])c1,930.0,nM,6.03,<rdkit.Chem.rdchem.Mol object at 0x7f5efeb42040>,1
1926,CHEMBL1631308,,365.46,0,Cc1ccc(-c2nn(-c3ccccc3)cc2C2N[C@H](C(=O)O)CS2)cc1,940.0,nM,6.03,<rdkit.Chem.rdchem.Mol object at 0x7f5efeb43a50>,1
1936,CHEMBL3576984,,480.50,0,Cc1ccc(S(=O)(=O)n2cc(C(=O)C(=O)N[C@@H](Cc3cnc[nH]3)C(=O)O)c3ccccc32)cc1,970.0,nM,6.01,<rdkit.Chem.rdchem.Mol object at 0x7f5efeb43510>,1
1946,CHEMBL578389,,281.21,0,O=C(O)c1cc(-c2ccn(C(F)F)c(=O)c2)ccc1O,980.0,nM,6.01,<rdkit.Chem.rdchem.Mol object at 0x7f5efeb43040>,1
1948,CHEMBL3734939,,420.49,0,CS(=O)(=O)c1ccc(C2=NN(c3ccc(C(=O)O)cc3)C(c3ccccc3)C2)cc1,980.0,nM,6.01,<rdkit.Chem.rdchem.Mol object at 0x7f5efeb44f20>,1
1953,CHEMBL4635384,,440.85,0,O=C(O)c1ccccc1Nc1nc(Cl)nc(Nc2ccc(N3CCOCC3=O)cc2)n1,1000.0,nM,6.0,<rdkit.Chem.rdchem.Mol object at 0x7f5efeb44cf0>,1
1968,CHEMBL3576978,,586.63,1,Cc1ccc(S(=O)(=O)n2cc(C(=O)C(=O)N[C@H](Cc3c[nH]c4ccccc34)C(=O)NCC(=O)O)c3ccccc32)cc1,1000.0,nM,6.0,<rdkit.Chem.rdchem.Mol object at 0x7f5efeb44660>,1
2024,CHEMBL1630258,,348.75,0,CC(C)CCc1cc2c(cc1Cl)C=C(C(=O)O)[C@@H](C(F)(F)F)O2,1130.0,nM,5.95,<rdkit.Chem.rdchem.Mol object at 0x7f5efeb469e0>,1
2028,CHEMBL3735601,,426.52,0,CS(=O)(=O)c1ccc(C2=NN(c3ccc(C(=O)O)cc3)C(c3cccs3)C2)cc1,1160.0,nM,5.94,<rdkit.Chem.rdchem.Mol object at 0x7f5efeb466d0>,1
2044,CHEMBL596888,,293.27,0,Cc1c(CC(=O)O)cccc1-c1ccn(C(F)F)c(=O)c1,1200.0,nM,5.92,<rdkit.Chem.rdchem.Mol object at 0x7f5efeb47dd0>,1
2070,CHEMBL1288642,,306.67,0,Cc1cc2c(c(C)c1Cl)C=C(C(=O)O)[C@H](C(F)(F)F)O2,1280.0,nM,5.89,<rdkit.Chem.rdchem.Mol object at 0x7f5efeb47040>,1
2087,CHEMBL1092135,,203.14,0,O=C(O)Cc1ccc(=O)n(C(F)F)c1,1300.0,nM,5.89,<rdkit.Chem.rdchem.Mol object at 0x7f5efeb48660>,1
2097,CHEMBL4286390,,485.53,0,COc1ccc(-n2c(SCc3cn(-c4ccc(C(=O)O)cc4)nn3)nc3ccccc3c2=O)cc1,1340.0,nM,5.87,<rdkit.Chem.rdchem.Mol object at 0x7f5efeb48190>,1
2112,CHEMBL3774833,,383.49,1,CCCCCCNC(=O)Oc1cccc(-c2ccc(C(C)C(=O)O)cc2C)c1,1400.0,nM,5.85,<rdkit.Chem.rdchem.Mol object at 0x7f5efeb49ac0>,1
2119,CHEMBL3746730,,350.42,0,CS(=O)(=O)c1ccc(N2N=C(C(=O)O)CC2c2cccs2)cc1,1430.0,nM,5.84,<rdkit.Chem.rdchem.Mol object at 0x7f5efeb497b0>,1
2129,CHEMBL1630234,,293.63,0,Nc1c(Cl)ccc2c1C=C(C(=O)O)C(C(F)(F)F)O2,1480.0,nM,5.83,<rdkit.Chem.rdchem.Mol object at 0x7f5efeb492e0>,1
2168,CHEMBL3104544,,533.53,1,Cc1c(CC(=O)NC(CCO[N+](=O)[O-])C(=O)O)cc(-c2ccc(S(C)(=O)=O)cc2)n1-c1ccc(F)cc1,1600.0,nM,5.8,<rdkit.Chem.rdchem.Mol object at 0x7f5efeb4bf90>,1
2191,CHEMBL1289128,,370.25,0,CCCc1cc(OC(F)(F)F)cc2c1O[C@@H](C(F)(F)F)C(C(=O)O)=C2,1700.0,nM,5.77,<rdkit.Chem.rdchem.Mol object at 0x7f5efeb4b510>,1
2215,CHEMBL577045,,425.39,0,NS(=O)(=O)c1ccc(-n2nc(C(F)(F)F)cc2-c2ccc(CC(=O)O)cc2)cc1,1800.0,nM,5.75,<rdkit.Chem.rdchem.Mol object at 0x7f5efeb4c9e0>,1
2227,CHEMBL1667876,,369.73,0,Nc1ccc(-c2cc(Cl)cc3c2OC(C(F)(F)F)C(C(=O)O)=C3)cc1,1820.0,nM,5.74,<rdkit.Chem.rdchem.Mol object at 0x7f5efeb4c4a0>,1
2233,CHEMBL3747566,,351.41,0,NS(=O)(=O)c1ccc(N2N=C(C(=O)O)CC2c2cccs2)cc1,1840.0,nM,5.74,<rdkit.Chem.rdchem.Mol object at 0x7f5efeb4c190>,1
2265,CHEMBL1630238,,368.74,1,Cc1ccccc1-c1c(Cl)ccc2c1C=C(C(=O)O)C(C(F)(F)F)O2,1980.0,nM,5.7,<rdkit.Chem.rdchem.Mol object at 0x7f5efeb4d120>,1
2267,CHEMBL4792522,,443.49,0,NS(=O)(=O)c1ccc(-n2nc(NC(=O)NCCCC(=O)O)cc2-c2ccccc2)cc1,1990.0,nM,5.7,<rdkit.Chem.rdchem.Mol object at 0x7f5efeb4d040>,1
2272,CHEMBL3809328,,287.36,0,CC(C)C[C@H](NC(=O)CNC(=O)[C@@H](N)C(C)C)C(=O)O,2000.0,nM,5.7,<rdkit.Chem.rdchem.Mol object at 0x7f5efeb4edd0>,1
2273,CHEMBL3810057,,266.25,0,O=C(O)CNC(=O)CNC(=O)OCc1ccccc1,2000.0,nM,5.7,<rdkit.Chem.rdchem.Mol object at 0x7f5efeb4ed60>,1
2275,CHEMBL1814707,,302.73,0,CC(C(=O)[O-])c1ccc(CC2CCCC2=O)cc1Cl.[Na+],2000.0,nM,5.7,<rdkit.Chem.rdchem.Mol object at 0x7f5efeb4ec80>,1
2279,CHEMBL19286,,248.32,0,C[C@H](C(=O)O)c1ccc(C[C@@H]2CCC[C@H]2O)cc1,2000.0,nM,5.7,<rdkit.Chem.rdchem.Mol object at 0x7f5efeb4eac0>,1
2296,CHEMBL2283165,,456.54,0,CS(=O)(=O)c1ccc(/C=C(/C(=O)O)c2cccc(-c3ccc(S(C)(=O)=O)cc3)c2)cc1,2100.0,nM,5.68,<rdkit.Chem.rdchem.Mol object at 0x7f5efeb4e2e0>,1
2306,CHEMBL3746878,,334.35,0,CS(=O)(=O)c1ccc(N2N=C(C(=O)O)CC2c2ccco2)cc1,2110.0,nM,5.68,<rdkit.Chem.rdchem.Mol object at 0x7f5efeb4fcf0>,1
2319,CHEMBL3736245,,450.52,0,COc1ccc(C2CC(c3ccc(S(C)(=O)=O)cc3)=NN2c2ccc(C(=O)O)cc2)cc1,2170.0,nM,5.66,<rdkit.Chem.rdchem.Mol object at 0x7f5efeb4f660>,1
2320,CHEMBL4789344,,541.67,1,NS(=O)(=O)c1ccc(-n2nc(NC(=O)NCCCCCCCCCCC(=O)O)cc2-c2ccccc2)cc1,2180.0,nM,5.66,<rdkit.Chem.rdchem.Mol object at 0x7f5efeb4f5f0>,1
2326,CHEMBL503071,,498.75,1,COC(=O)[C@H]1CC[C@@]2(C)[C@@H](CC[C@]3(C)[C@@H]2CC=C2[C@@H]4CC(C)(C)CC[C@]4(C(=O)O)CC[C@]23C)C1(C)C,2200.0,nM,5.66,<rdkit.Chem.rdchem.Mol object at 0x7f5efeb4f200>,1
2327,CHEMBL396182,,259.26,0,O=C(O)Cc1cccn1-c1ccc2c(c1)OCCO2,2200.0,nM,5.66,<rdkit.Chem.rdchem.Mol object at 0x7f5efeb4f190>,1
2340,CHEMBL577482,,424.40,0,CS(=O)(=O)c1ccc(-n2nc(C(F)(F)F)cc2-c2ccc(CC(=O)O)cc2)cc1,2300.0,nM,5.64,<rdkit.Chem.rdchem.Mol object at 0x7f5efeb50ac0>,1
2352,CHEMBL106203,,254.33,0,CCc1cccc(-c2ccc(C(C)C(=O)O)cc2)c1,2400.0,nM,5.62,<rdkit.Chem.rdchem.Mol object at 0x7f5efeb50510>,1
2353,CHEMBL25,ASPIRIN,180.16,0,CC(=O)Oc1ccccc1C(=O)O,2400.0,nM,5.62,<rdkit.Chem.rdchem.Mol object at 0x7f5efeb50430>,1
2354,CHEMBL607560,,293.27,0,CC(C(=O)O)c1ccc(-c2ccn(C(F)F)c(=O)c2)cc1,2400.0,nM,5.62,<rdkit.Chem.rdchem.Mol object at 0x7f5efeb50350>,1
2356,CHEMBL43664,,363.41,0,COc1ccc(-c2ccc(CCC(=O)O)n2-c2ccc(C(C)=O)cc2)cc1,2400.0,nM,5.62,<rdkit.Chem.rdchem.Mol object at 0x7f5efeb50270>,1
2358,CHEMBL1275942,,248.32,0,CC(C(=O)O)c1ccc(C[C@H]2CCC[C@@H]2O)cc1,2400.0,nM,5.62,<rdkit.Chem.rdchem.Mol object at 0x7f5efeb50190>,1
2359,CHEMBL398087,,219.21,0,O=C(O)Cc1ccn(-c2ccccc2F)c1,2400.0,nM,5.62,<rdkit.Chem.rdchem.Mol object at 0x7f5efeb50120>,1
2371,CHEMBL320140,,388.26,0,COc1ccc2c(c1)c(CC(=O)O)c(C)n2Cc1ccc(Br)cc1,2500.0,nM,5.6,<rdkit.Chem.rdchem.Mol object at 0x7f5efeb51ba0>,1
2373,CHEMBL3775406,,385.18,0,Cc1ccc(Nc2c(F)cccc2I)c(CC(=O)O)c1,2500.0,nM,5.6,<rdkit.Chem.rdchem.Mol object at 0x7f5efeb51ac0>,1
2375,CHEMBL2171253,,368.78,0,C[C@H](C(=O)O)c1ccc2c3cc(Cl)ccc3n(C(=O)c3cocn3)c2c1,2500.0,nM,5.6,<rdkit.Chem.rdchem.Mol object at 0x7f5efeb51900>,1
2381,CHEMBL3576980,,586.63,1,Cc1ccc(S(=O)(=O)n2cc(C(=O)C(=O)NCC(=O)N[C@H](Cc3c[nH]c4ccccc34)C(=O)O)c3ccccc32)cc1,2500.0,nM,5.6,<rdkit.Chem.rdchem.Mol object at 0x7f5efeb51660>,1
2384,CHEMBL2283159,,359.40,0,CC(=O)Nc1ccc(/C(=C\c2ccc(S(C)(=O)=O)cc2)C(=O)O)cc1,2500.0,nM,5.6,<rdkit.Chem.rdchem.Mol object at 0x7f5efeb51510>,1
2397,CHEMBL357262,,280.32,0,CCc1cc(/C=C/C(=O)O)cc(C(=O)c2ccccc2)c1,2600.0,nM,5.58,<rdkit.Chem.rdchem.Mol object at 0x7f5efeb52eb0>,1
2398,CHEMBL596887,,293.27,0,CC(C(=O)O)c1ccccc1-c1ccn(C(F)F)c(=O)c1,2600.0,nM,5.58,<rdkit.Chem.rdchem.Mol object at 0x7f5efeb52e40>,1
2403,CHEMBL579022,,386.33,0,CC(=O)NS(=O)(=O)c1cc(-c2ccn(C(F)F)c(=O)c2)ccc1C(=O)O,2600.0,nM,5.58,<rdkit.Chem.rdchem.Mol object at 0x7f5efeb52ac0>,1
2417,CHEMBL3774754,,379.39,1,CC(C(=O)O)c1ccc(-c2cccc(OC(=O)Nc3ccccc3)c2)c(F)c1,2700.0,nM,5.57,<rdkit.Chem.rdchem.Mol object at 0x7f5efeb523c0>,1
2429,CHEMBL956,SUPROFEN,260.31,0,CC(C(=O)O)c1ccc(C(=O)c2cccs2)cc1,2750.0,nM,5.56,<rdkit.Chem.rdchem.Mol object at 0x7f5efeb53dd0>,1
2436,CHEMBL74276,,284.31,0,COc1ccc(C(=O)c2ccccc2)cc1C(C)C(=O)O,2800.0,nM,5.55,<rdkit.Chem.rdchem.Mol object at 0x7f5efeb53a50>,1
2445,CHEMBL3736014,,438.48,0,CS(=O)(=O)c1ccc(C2=NN(c3ccc(C(=O)O)cc3)C(c3ccc(F)cc3)C2)cc1,2840.0,nM,5.55,<rdkit.Chem.rdchem.Mol object at 0x7f5efeb535f0>,1
2476,CHEMBL209689,,344.41,0,Cc1ccc2c(c1)c(-c1ccnc3c(C)cccc13)c(C)n2CC(=O)O,3000.0,nM,5.52,<rdkit.Chem.rdchem.Mol object at 0x7f5efeb54510>,1
2479,CHEMBL405127,,302.35,0,CS(=O)(=O)c1ccc(/C=C(/C(=O)O)c2ccccc2)cc1,3000.0,nM,5.52,<rdkit.Chem.rdchem.Mol object at 0x7f5efeb54350>,1
2481,CHEMBL3809760,,379.41,0,CC(C)[C@H](NC(=O)[C@H](C)NC(=O)CNC(=O)OCc1ccccc1)C(=O)O,3000.0,nM,5.52,<rdkit.Chem.rdchem.Mol object at 0x7f5efeb54190>,1
2485,CHEMBL4794910,,526.66,1,NS(=O)(=O)c1ccc(-n2nc(C(=O)NCCCCCCCCCCC(=O)O)cc2-c2ccccc2)cc1,3040.0,nM,5.52,<rdkit.Chem.rdchem.Mol object at 0x7f5efeb55f20>,1
2489,CHEMBL1275972,,266.31,0,CC(C(=O)O)c1ccc(C[C@H]2CCC[C@@H]2O)cc1F,3100.0,nM,5.51,<rdkit.Chem.rdchem.Mol object at 0x7f5efeb55d60>,1
2501,CHEMBL456486,,320.29,0,O=C(O)[C@H]1C[C@](O)(c2ccc(F)cc2)[C@@H](c2ccc(F)cc2)O1,3200.0,nM,5.5,<rdkit.Chem.rdchem.Mol object at 0x7f5efeb55820>,1
2516,CHEMBL1288602,,288.22,0,COc1cc(C)cc2c1OC(C(F)(F)F)C(C(=O)O)=C2,3330.0,nM,5.48,<rdkit.Chem.rdchem.Mol object at 0x7f5efeb55120>,1
2533,CHEMBL1669030,,370.71,0,O=C(O)C1=Cc2cc(Cl)cc(-c3ccc(O)cc3)c2OC1C(F)(F)F,3480.0,nM,5.46,<rdkit.Chem.rdchem.Mol object at 0x7f5efeb57890>,1
2543,CHEMBL456272,,353.20,0,O=C(O)[C@H]1C[C@](O)(c2ccccc2Cl)[C@@H](c2ccccc2Cl)O1,3500.0,nM,5.46,<rdkit.Chem.rdchem.Mol object at 0x7f5efeb57430>,1
2547,CHEMBL3747612,,335.34,0,NS(=O)(=O)c1ccc(N2N=C(C(=O)O)CC2c2ccco2)cc1,3560.0,nM,5.45,<rdkit.Chem.rdchem.Mol object at 0x7f5efeb57200>,1
2570,CHEMBL3735490,,480.54,0,COc1ccc(C2CC(c3ccc(S(C)(=O)=O)cc3)=NN2c2ccc(C(=O)O)cc2)cc1OC,3740.0,nM,5.43,<rdkit.Chem.rdchem.Mol object at 0x7f5efeb6a5f0>,1
2573,CHEMBL501782,,353.20,0,O=C(O)[C@H]1C[C@](O)(c2ccc(Cl)cc2)[C@@H](c2ccc(Cl)cc2)O1,3800.0,nM,5.42,<rdkit.Chem.rdchem.Mol object at 0x7f5efeb6a430>,1
2585,CHEMBL3735888,,454.94,0,CS(=O)(=O)c1ccc(C2=NN(c3ccc(C(=O)O)cc3)C(c3ccc(Cl)cc3)C2)cc1,3980.0,nM,5.4,<rdkit.Chem.rdchem.Mol object at 0x7f5efeb70dd0>,1
2593,CHEMBL2063854,,248.25,0,CC(C(=O)O)c1ccc(Cc2ccoc2)cc1F,4000.0,nM,5.4,<rdkit.Chem.rdchem.Mol object at 0x7f5efeb70900>,1
2597,CHEMBL4789520,,428.47,0,NS(=O)(=O)c1ccc(-n2nc(C(=O)NCCCC(=O)O)cc2-c2ccccc2)cc1,4000.0,nM,5.4,<rdkit.Chem.rdchem.Mol object at 0x7f5efeb70740>,1
2604,CHEMBL331749,,339.44,1,CC(C)(C)c1cc(Nc2ccccc2C(=O)O)cc2c1OCC2(C)C,4000.0,nM,5.4,<rdkit.Chem.rdchem.Mol object at 0x7f5efeb702e0>,1
2610,CHEMBL237399,,392.24,0,COc1cc2c(CC(=O)O)c(C)n(C(=O)c3ccc(Cl)cc3)c2cc1Cl,4100.0,nM,5.39,<rdkit.Chem.rdchem.Mol object at 0x7f5efeb71f20>,1
2612,CHEMBL2063852,,248.25,0,CC(C(=O)O)c1ccc(Cc2ccco2)cc1F,4100.0,nM,5.39,<rdkit.Chem.rdchem.Mol object at 0x7f5efeb71dd0>,1
2635,CHEMBL571658,,281.21,0,O=C(O)c1ccc(-c2ccn(C(F)F)c(=O)c2)cc1O,4400.0,nM,5.36,<rdkit.Chem.rdchem.Mol object at 0x7f5efeb71350>,1
2657,CHEMBL1630237,,354.71,0,O=C(O)C1=Cc2c(ccc(Cl)c2-c2ccccc2)OC1C(F)(F)F,4640.0,nM,5.33,<rdkit.Chem.rdchem.Mol object at 0x7f5efeb727b0>,1
2669,CHEMBL39521,,442.68,1,C=C[C@@H]1[C@@H](O)C[C@@H]2[C@]3(CC[C@]4(C)[C@@H]([C@H](C)CCC=C(C)C)CC[C@@]24C)C[C@]13CCC(=O)O,4700.0,nM,5.33,<rdkit.Chem.rdchem.Mol object at 0x7f5efeb72270>,1
2673,CHEMBL3734866,,450.52,0,COc1cccc(C2CC(c3ccc(S(C)(=O)=O)cc3)=NN2c2ccc(C(=O)O)cc2)c1,4710.0,nM,5.33,<rdkit.Chem.rdchem.Mol object at 0x7f5efeb72040>,1
2695,CHEMBL800,,343.77,0,Cc1c(CC(=O)O)c2cc(O)ccc2n1C(=O)c1ccc(Cl)cc1,5000.0,nM,5.3,<rdkit.Chem.rdchem.Mol object at 0x7f5efeb735f0>,1
2718,CHEMBL1630248,,334.72,0,CC(C)(C)c1cc2c(cc1Cl)C=C(C(=O)O)[C@H](C(F)(F)F)O2,5150.0,nM,5.29,<rdkit.Chem.rdchem.Mol object at 0x7f5efeb74a50>,1
2725,CHEMBL2283157,,318.35,0,CS(=O)(=O)c1ccc(/C=C(/C(=O)O)c2ccc(O)cc2)cc1,5300.0,nM,5.28,<rdkit.Chem.rdchem.Mol object at 0x7f5efeb74660>,1
2726,CHEMBL2171249,,273.72,0,C[C@H](C(=O)O)c1ccc2c(c1)[nH]c1ccc(Cl)cc12,5300.0,nM,5.28,<rdkit.Chem.rdchem.Mol object at 0x7f5efeb745f0>,1
2733,CHEMBL1092137,,217.17,0,CC(C(=O)O)c1ccn(C(F)F)c(=O)c1,5500.0,nM,5.26,<rdkit.Chem.rdchem.Mol object at 0x7f5efeb74190>,1
2753,CHEMBL460216,,265.29,0,CC(Sc1nc2ccccc2c(=O)n1N)C(=O)O,5800.0,nM,5.24,<rdkit.Chem.rdchem.Mol object at 0x7f5efeb75580>,1
2760,CHEMBL1092136,,217.17,0,CC(C(=O)O)c1cccn(C(F)F)c1=O,5900.0,nM,5.23,<rdkit.Chem.rdchem.Mol object at 0x7f5efeb75270>,1
2762,CHEMBL3735808,,510.57,1,COc1cc(C2CC(c3ccc(S(C)(=O)=O)cc3)=NN2c2ccc(C(=O)O)cc2)cc(OC)c1OC,5940.0,nM,5.23,<rdkit.Chem.rdchem.Mol object at 0x7f5efeb75190>,1
2791,CHEMBL3774586,,421.47,1,CC(C(=O)O)c1ccc(-c2cccc(OC(=O)NCCCc3ccccc3)c2)c(F)c1,6200.0,nM,5.21,<rdkit.Chem.rdchem.Mol object at 0x7f5efeb76350>,1
2794,CHEMBL236238,,219.21,0,O=C(O)Cc1cccn1-c1ccccc1F,6200.0,nM,5.21,<rdkit.Chem.rdchem.Mol object at 0x7f5efeb76200>,1
2805,CHEMBL1669029,,384.74,0,O=C(O)C1=Cc2cc(Cl)cc(-c3ccc(CO)cc3)c2OC1C(F)(F)F,6380.0,nM,5.2,<rdkit.Chem.rdchem.Mol object at 0x7f5efeb77cf0>,1
2809,CHEMBL1092138,,217.17,0,CC(C(=O)O)c1ccc(=O)n(C(F)F)c1,6400.0,nM,5.19,<rdkit.Chem.rdchem.Mol object at 0x7f5efeb77b30>,1
2848,CHEMBL2333741,,340.38,0,COc1ccc(/C=C/c2cc(OC)cc(OC)c2/C=C/C(=O)O)cc1,6890.0,nM,5.16,<rdkit.Chem.rdchem.Mol object at 0x7f5efeb78900>,1
2858,CHEMBL513096,,406.26,0,Nn1c(SC(C(=O)O)c2ccccc2)nc2ccc(Br)cc2c1=O,7000.0,nM,5.16,<rdkit.Chem.rdchem.Mol object at 0x7f5efeb78430>,1
2863,CHEMBL192678,,369.44,0,Cc1c(CC(=O)O)cc(-c2ccc(S(C)(=O)=O)cc2)n1-c1ccccc1,7000.0,nM,5.16,<rdkit.Chem.rdchem.Mol object at 0x7f5efeb78120>,1
2887,CHEMBL43755,,416.47,0,CN(C)S(=O)(=O)c1ccc(-n2c(CCC(=O)O)ccc2-c2ccc(F)cc2)cc1,7500.0,nM,5.12,<rdkit.Chem.rdchem.Mol object at 0x7f5efeb794a0>,1
2893,CHEMBL704,MESALAMINE,153.14,0,Nc1ccc(O)c(C(=O)O)c1,7530.0,nM,5.12,<rdkit.Chem.rdchem.Mol object at 0x7f5efeb79200>,1
2920,CHEMBL3810258,,492.57,0,CC(C)C[C@H](NC(=O)[C@@H](NC(=O)[C@H](C)NC(=O)CNC(=O)OCc1ccccc1)C(C)C)C(=O)O,8000.0,nM,5.1,<rdkit.Chem.rdchem.Mol object at 0x7f5efeb7a510>,1
2925,CHEMBL1089958,,203.14,0,O=C(O)Cc1cccn(C(F)F)c1=O,8000.0,nM,5.1,<rdkit.Chem.rdchem.Mol object at 0x7f5efeb7a270>,1
2927,CHEMBL458470,,494.36,2,O=C(O)[C@H]1O[C@@H](Oc2c(-c3cc(O)c(O)c(O)c3)oc3cc(O)cc(O)c3c2=O)[C@H](O)[C@@H](O)[C@@H]1O,8000.0,nM,5.1,<rdkit.Chem.rdchem.Mol object at 0x7f5efeb7a120>,1
2944,CHEMBL2063855,,264.32,0,CC(C(=O)O)c1ccc(Cc2ccsc2)cc1F,8300.0,nM,5.08,<rdkit.Chem.rdchem.Mol object at 0x7f5efeb7b890>,1
2945,CHEMBL4760091,,222.36,None,CC(C(=O)O)c1ccc(C[SiH](C)C)cc1,8300.0,nM,5.08,<rdkit.Chem.rdchem.Mol object at 0x7f5efeb7b820>,1
2956,CHEMBL1276001,,327.22,0,CC(C(=O)O)c1ccc(C[C@H]2CCC[C@@H]2O)cc1Br,8500.0,nM,5.07,<rdkit.Chem.rdchem.Mol object at 0x7f5efeb7b200>,1
2965,CHEMBL15770,SULINDAC,356.42,0,CC1=C(CC(=O)O)c2cc(F)ccc2/C1=C\c1ccc([S+](C)[O-])cc1,8800.0,nM,5.06,<rdkit.Chem.rdchem.Mol object at 0x7f5efeb7ccf0>,1
2971,CHEMBL377353,SALAZOSULFAMIDE,321.31,0,NS(=O)(=O)c1ccc(/N=N/c2ccc(O)c(C(=O)O)c2)cc1,8890.0,nM,5.05,<rdkit.Chem.rdchem.Mol object at 0x7f5efeb7c9e0>,1
2985,CHEMBL3113617,,400.41,0,Cc1ccc(S(=O)(=O)n2cc(C(=O)C(=O)NCC(=O)O)c3ccccc32)cc1,9110.0,nM,5.04,<rdkit.Chem.rdchem.Mol object at 0x7f5efeb7c270>,1
2990,CHEMBL3909479,,370.43,0,COc1ccc(-c2nc(NCC(=O)O)sc2-c2ccc(OC)cc2)cc1,9230.0,nM,5.04,<rdkit.Chem.rdchem.Mol object at 0x7f5efeb7df90>,1
3008,CHEMBL150363,,358.42,0,CC(C(=O)O)c1cc(/C=C/S(C)(=O)=O)cc(C(=O)c2ccccc2)c1,9700.0,nM,5.01,<rdkit.Chem.rdchem.Mol object at 0x7f5efeb7d6d0>,1
3015,CHEMBL1939434,,490.42,1,O=C(O)/C=C/C12C=C(O)C(=O)C=C1C(=O)C1=Cc3cc(O)c(O)cc3O[C@@H](c3ccc(O)c(O)c3)[C@@H]12,9800.0,nM,5.01,<rdkit.Chem.rdchem.Mol object at 0x7f5efeb7d350>,1
3026,CHEMBL66552,LOXOPROFEN SODIUM,268.29,0,CC(C(=O)[O-])c1ccc(CC2CCCC2=O)cc1.[Na+],10000.0,nM,5.0,<rdkit.Chem.rdchem.Mol object at 0x7f5efeb7ee40>,1
3038,CHEMBL129299,,400.41,0,Cc1cc(=O)c(Oc2ccc(C(=O)O)cc2)c(-c2ccc(S(C)(=O)=O)cc2)o1,10000.0,nM,5.0,<rdkit.Chem.rdchem.Mol object at 0x7f5efeb7e900>,1
3058,CHEMBL3763742,,272.26,0,O=C(O)c1cc(/C=C/c2cc(O)cc(O)c2)ccc1O,10300.0,nM,4.99,<rdkit.Chem.rdchem.Mol object at 0x7f5efeb7ff90>,1
3070,CHEMBL3892572,,310.38,0,O=C(O)CNc1nc(-c2ccccc2)c(-c2ccccc2)s1,10710.0,nM,4.97,<rdkit.Chem.rdchem.Mol object at 0x7f5efeb7f970>,1
3074,CHEMBL3774467,,413.49,1,CC(C(=O)O)c1ccc(-c2cccc(OC(=O)NCCC3CCCCC3)c2)c(F)c1,10800.0,nM,4.97,<rdkit.Chem.rdchem.Mol object at 0x7f5efeb7f740>,1
3076,CHEMBL1171834,,478.70,1,CCCCC(Sc1nc(OCCC2CCCCC2)cc(OCCC2CCCCC2)n1)C(=O)O,10900.0,nM,4.96,<rdkit.Chem.rdchem.Mol object at 0x7f5efeb7f5f0>,1
3080,CHEMBL1814726,,360.39,0,CC(C(=O)[O-])c1ccc(CC2CCCC2=O)cc1-c1ccc(O)cc1.[Na+],11000.0,nM,4.96,<rdkit.Chem.rdchem.Mol object at 0x7f5efeb7f3c0>,1
3089,CHEMBL610493,,279.24,0,O=C(O)Cc1cccc(-c2ccn(C(F)F)c(=O)c2)c1,11100.0,nM,4.96,<rdkit.Chem.rdchem.Mol object at 0x7f5efeb80f20>,1
3093,CHEMBL743,CARBOXYLIC ACID METABOLITE OF CELECOXIB,411.36,0,NS(=O)(=O)c1ccc(-n2nc(C(F)(F)F)cc2-c2ccc(C(=O)O)cc2)cc1,11200.0,nM,4.95,<rdkit.Chem.rdchem.Mol object at 0x7f5efeb80d60>,1
3105,CHEMBL3623735,,339.29,1,O=C(O)c1ccccc1Nc1cccc(S(F)(F)(F)(F)F)c1,12000.0,nM,4.92,<rdkit.Chem.rdchem.Mol object at 0x7f5efeb80740>,1
3107,CHEMBL1288556,,313.06,0,O=C(O)C1=Cc2c(Cl)cc(Cl)cc2OC1C(F)(F)F,12000.0,nM,4.92,<rdkit.Chem.rdchem.Mol object at 0x7f5efeb80660>,1
3110,CHEMBL3775528,,384.48,0,CCCCCCNC(=O)Oc1cccc(-c2ccc(C(C)C(=O)O)cc2N)c1,12100.0,nM,4.92,<rdkit.Chem.rdchem.Mol object at 0x7f5efeb80510>,1
3112,CHEMBL1275941,,248.32,0,CC(C(=O)O)c1ccc(C[C@@H]2CCC[C@@H]2O)cc1,12200.0,nM,4.91,<rdkit.Chem.rdchem.Mol object at 0x7f5efeb803c0>,1
3113,CHEMBL1814711,,248.32,0,CC(C(=O)O)c1ccc(C[C@H]2CCC[C@H]2O)cc1,12200.0,nM,4.91,<rdkit.Chem.rdchem.Mol object at 0x7f5efeb80350>,1
3121,CHEMBL3960755,,338.36,0,COc1ccc(-c2ncn(CC(=O)O)c2-c2ccc(OC)cc2)cc1,12570.0,nM,4.9,<rdkit.Chem.rdchem.Mol object at 0x7f5efeb81f90>,1
3131,CHEMBL1089959,,203.14,0,O=C(O)Cc1ccn(C(F)F)c(=O)c1,12900.0,nM,4.89,<rdkit.Chem.rdchem.Mol object at 0x7f5efeb819e0>,1
3135,CHEMBL3775676,,385.46,0,CCCCCCNC(=O)Oc1cccc(-c2ccc(C(C)C(=O)O)cc2O)c1,13000.0,nM,4.89,<rdkit.Chem.rdchem.Mol object at 0x7f5efeb817b0>,1
3137,CHEMBL2063853,,264.32,0,CC(C(=O)O)c1ccc(Cc2cccs2)cc1F,13000.0,nM,4.89,<rdkit.Chem.rdchem.Mol object at 0x7f5efeb816d0>,1
3139,CHEMBL1957568,,477.51,1,O=C(N[C@@H](Cc1ccccc1)C(=O)N[C@@H](CS)C(=O)N[C@@H](CO)C(=O)O)c1ccc(F)cc1,13000.0,nM,4.89,<rdkit.Chem.rdchem.Mol object at 0x7f5efeb815f0>,1
3145,CHEMBL1669038,,410.82,1,CC(C)Cc1ccc(-c2cc(Cl)cc3c2OC(C(F)(F)F)C(C(=O)O)=C3)cc1,13400.0,nM,4.87,<rdkit.Chem.rdchem.Mol object at 0x7f5efeb81350>,1
3146,CHEMBL3924357,,278.31,0,O=C(O)Cn1cnc(-c2ccccc2)c1-c1ccccc1,13450.0,nM,4.87,<rdkit.Chem.rdchem.Mol object at 0x7f5efeb812e0>,1
3149,CHEMBL3576988,,529.57,1,Cc1ccc(S(=O)(=O)n2cc(C(=O)C(=O)N[C@@H](Cc3c[nH]c4ccccc34)C(=O)O)c3ccccc32)cc1,13500.0,nM,4.87,<rdkit.Chem.rdchem.Mol object at 0x7f5efeb81120>,1
3150,CHEMBL19299,LOXOPROFEN,246.31,0,CC(C(=O)O)c1ccc(CC2CCCC2=O)cc1,13500.0,nM,4.87,<rdkit.Chem.rdchem.Mol object at 0x7f5efeb81040>,1
3160,CHEMBL2063728,,267.30,0,CC(C(=O)O)c1ccc(N[C@H]2CCC[C@@H]2O)cc1F,14000.0,nM,4.85,<rdkit.Chem.rdchem.Mol object at 0x7f5efeb82ba0>,1
3166,CHEMBL1275921,FLUORO LOXOPROFEN,286.28,0,CC(C(=O)[O-])c1ccc(CC2CCCC2=O)cc1F.[Na+],14000.0,nM,4.85,<rdkit.Chem.rdchem.Mol object at 0x7f5efeb827b0>,1
3182,CHEMBL4075687,,266.30,0,NCc1c(-c2ccccc2)c(C(=O)O)c2ccccn12,14910.0,nM,4.83,<rdkit.Chem.rdchem.Mol object at 0x7f5efeb82040>,1
3184,CHEMBL1955883,,330.34,0,O=C(N[C@@H](CS)C(=O)N[C@@H](CO)C(=O)O)c1ccc(F)cc1,15000.0,nM,4.82,<rdkit.Chem.rdchem.Mol object at 0x7f5efeb83f20>,1
3212,CHEMBL236433,,208.21,0,C[C@H](C(=O)O)c1ccc2c(c1)OCCO2,16500.0,nM,4.78,<rdkit.Chem.rdchem.Mol object at 0x7f5efeb83270>,1
3217,CHEMBL589167,,387.43,0,Cc1c(CC(=O)O)cc(-c2ccc(S(C)(=O)=O)cc2)n1-c1cccc(F)c1,17000.0,nM,4.77,<rdkit.Chem.rdchem.Mol object at 0x7f5efeb83040>,1
3219,CHEMBL1814728,,362.40,0,CC(C(=O)[O-])c1ccc(C[C@H]2CCC[C@H]2O)cc1-c1ccc(O)cc1.[Na+],17000.0,nM,4.77,<rdkit.Chem.rdchem.Mol object at 0x7f5efeb98890>,1
3230,CHEMBL571852,,386.33,0,CC(=O)NS(=O)(=O)c1ccc(-c2ccn(C(F)F)c(=O)c2)cc1C(=O)O,17600.0,nM,4.75,<rdkit.Chem.rdchem.Mol object at 0x7f5efea6eac0>,1
3255,CHEMBL1290434,,457.81,0,NS(=O)(=O)c1ccc(C#Cc2cc(Cl)cc3c2OC(C(F)(F)F)C(C(=O)O)=C3)cc1,18600.0,nM,4.73,<rdkit.Chem.rdchem.Mol object at 0x7f5efea45350>,1
3259,CHEMBL104422,,272.32,0,Cc1cc(C)cc(-c2ccc(C(C)C(=O)O)cc2F)c1,19000.0,nM,4.72,<rdkit.Chem.rdchem.Mol object at 0x7f5efea45510>,1
3284,CHEMBL1814727,,362.40,0,CC(C(=O)[O-])c1ccc(C[C@H]2CCC[C@@H]2O)cc1-c1ccc(O)cc1.[Na+],20000.0,nM,4.7,<rdkit.Chem.rdchem.Mol object at 0x7f5efea44040>,1
3299,CHEMBL268470,,388.83,0,CS(=O)(=O)c1ccc(-c2cc(Cl)cnc2-c2ccc(C(=O)O)nc2)cc1,21000.0,nM,4.68,<rdkit.Chem.rdchem.Mol object at 0x7f5efea446d0>,1
3306,CHEMBL1630243,,349.74,0,CCN(C)Cc1cc2c(cc1Cl)C=C(C(=O)O)C(C(F)(F)F)O2,21300.0,nM,4.67,<rdkit.Chem.rdchem.Mol object at 0x7f5efea449e0>,1
3307,CHEMBL1669027,,432.80,0,CS(=O)(=O)c1ccc(-c2cc(Cl)cc3c2OC(C(F)(F)F)C(C(=O)O)=C3)cc1,21300.0,nM,4.67,<rdkit.Chem.rdchem.Mol object at 0x7f5efea44a50>,1
3308,CHEMBL2063730,,251.30,0,CC(C(=O)O)c1ccc(NC2CCCC2)cc1F,21300.0,nM,4.67,<rdkit.Chem.rdchem.Mol object at 0x7f5efea44ac0>,1
3319,CHEMBL416542,,248.32,0,CC(C(=O)O)c1ccc(CC2CCCC2O)cc1,22000.0,nM,4.66,<rdkit.Chem.rdchem.Mol object at 0x7f5efea44f90>,1
3322,CHEMBL3774706,,387.45,1,CCCCCCNC(=O)Oc1cccc(-c2ccc([C@@H](C)C(=O)O)cc2F)c1,22800.0,nM,4.64,<rdkit.Chem.rdchem.Mol object at 0x7f5efea43120>,1
3325,CHEMBL1814710,,347.18,0,CC(C(=O)[O-])c1ccc(CC2CCCC2=O)c(Br)c1.[Na+],23000.0,nM,4.64,<rdkit.Chem.rdchem.Mol object at 0x7f5efea43270>,1
3330,CHEMBL2063732,,266.27,0,CC(C(=O)O)c1ccc(OC2CCCC2=O)cc1F,24100.0,nM,4.62,<rdkit.Chem.rdchem.Mol object at 0x7f5efea434a0>,1
3347,CHEMBL2063734,,252.28,0,CC(C(=O)O)c1ccc(OC2CCCC2)cc1F,26300.0,nM,4.58,<rdkit.Chem.rdchem.Mol object at 0x7f5efea43c10>,1
3352,CHEMBL2146750,,499.55,1,CC1CCN([C@H](c2ccc(F)cc2)c2ccc([C@@H](C)C(=O)O)cc2-c2ccc(C(F)(F)F)cc2)CC1,27000.0,nM,4.57,<rdkit.Chem.rdchem.Mol object at 0x7f5efea43e40>,1
3356,CHEMBL2171246,,368.78,0,CC(C(=O)O)c1ccc2c3cc(Cl)ccc3n(C(=O)c3cocn3)c2c1,27800.0,nM,4.56,<rdkit.Chem.rdchem.Mol object at 0x7f5efea42040>,1
3358,CHEMBL109341,SINAPINATE,224.21,0,COc1cc(/C=C/C(=O)O)cc(OC)c1O,28000.0,nM,4.55,<rdkit.Chem.rdchem.Mol object at 0x7f5efea42120>,1
3359,CHEMBL3809163,,421.49,0,CC(C)C[C@H](NC(=O)CNC(=O)[C@@H](NC(=O)OCc1ccccc1)C(C)C)C(=O)O,28000.0,nM,4.55,<rdkit.Chem.rdchem.Mol object at 0x7f5efea42190>,1
3363,CHEMBL1630233,,306.67,0,CCc1c(Cl)ccc2c1C=C(C(=O)O)C(C(F)(F)F)O2,28800.0,nM,4.54,<rdkit.Chem.rdchem.Mol object at 0x7f5efea42350>,1
3364,CHEMBL3774873,,415.51,1,CCCCCCCCNC(=O)Oc1cccc(-c2ccc(C(C)C(=O)O)cc2F)c1,28800.0,nM,4.54,<rdkit.Chem.rdchem.Mol object at 0x7f5efea423c0>,1
3377,CHEMBL1258960,,376.36,0,COc1ccc2c(c1)c(CC(=O)O)c(C)n2Cc1ccn(C(F)F)c(=O)c1,31000.0,nM,4.51,<rdkit.Chem.rdchem.Mol object at 0x7f5efea42970>,1
3390,CHEMBL151929,,367.23,0,Cc1ccc(Cl)c(Nc2ccccc2C(=O)N[C@@H](C)C(=O)O)c1Cl,33000.0,nM,4.48,<rdkit.Chem.rdchem.Mol object at 0x7f5efea42f20>,1
3395,CHEMBL1275971,,327.22,0,CC(C(=O)O)c1ccc(C[C@@H]2CCC[C@@H]2O)cc1Br,34000.0,nM,4.47,<rdkit.Chem.rdchem.Mol object at 0x7f5efea41190>,1
3407,CHEMBL1814724,,362.38,0,CC(C(=O)[O-])c1ccc(CC2CCCC2=O)cc1-c1ccc(F)cc1.[Na+],36000.0,nM,4.44,<rdkit.Chem.rdchem.Mol object at 0x7f5efea416d0>,1
3408,CHEMBL407035,,320.34,0,CS(=O)(=O)c1ccc(/C=C(/C(=O)O)c2ccc(F)cc2)cc1,36000.0,nM,4.44,<rdkit.Chem.rdchem.Mol object at 0x7f5efea41740>,1
3409,CHEMBL1814716,,362.38,0,CC(C(=O)[O-])c1ccc(CC2CCCC2=O)c(-c2ccc(F)cc2)c1.[Na+],36000.0,nM,4.44,<rdkit.Chem.rdchem.Mol object at 0x7f5efea417b0>,1
3429,CHEMBL1241992,,327.77,0,Cc1c(CC(=O)O)c2ccccc2n1C(=O)c1ccc(Cl)cc1,39000.0,nM,4.41,<rdkit.Chem.rdchem.Mol object at 0x7f5efea400b0>,1
3433,CHEMBL1669028,,447.82,0,CS(=O)(=O)Nc1ccc(-c2cc(Cl)cc3c2OC(C(F)(F)F)C(C(=O)O)=C3)cc1,40100.0,nM,4.4,<rdkit.Chem.rdchem.Mol object at 0x7f5efea40270>,1
3442,CHEMBL1939438,PHELLINSIN A,358.30,0,O=C1O[C@@H](c2ccc(O)c(O)c2)[C@H](C(=O)O)/C1=C\c1ccc(O)c(O)c1,42600.0,nM,4.37,<rdkit.Chem.rdchem.Mol object at 0x7f5efea40660>,1
3473,CHEMBL2171251,,412.27,1,C[C@H](C(=O)O)c1ccc2c3cc(Cl)ccc3n(C(=O)c3ccc(Cl)cc3)c2c1,46500.0,nM,4.33,<rdkit.Chem.rdchem.Mol object at 0x7f5efea3f430>,1
3474,CHEMBL440798,,393.37,0,NS(=O)(=O)c1ccc(-n2nc(C(F)F)cc2-c2ccc(C(=O)O)cc2)cc1,46800.0,nM,4.33,<rdkit.Chem.rdchem.Mol object at 0x7f5efea3f4a0>,1
3478,CHEMBL1275970,,266.31,0,CC(C(=O)O)c1ccc(C[C@@H]2CCC[C@@H]2O)cc1F,48000.0,nM,4.32,<rdkit.Chem.rdchem.Mol object at 0x7f5efea3f660>,1
3480,CHEMBL1814709,,313.29,0,CC(C(=O)[O-])c1ccc(CC2CCCC2=O)cc1[N+](=O)[O-].[Na+],49000.0,nM,4.31,<rdkit.Chem.rdchem.Mol object at 0x7f5efea3f740>,1
3485,CHEMBL145071,,282.36,0,CC(=O)Oc1ccccc1SCCCCCC(=O)O,50000.0,nM,4.3,<rdkit.Chem.rdchem.Mol object at 0x7f5efea3f970>,1
3504,CHEMBL3810231,,308.33,0,CC(C)[C@H](NC(=O)OCc1ccccc1)C(=O)NCC(=O)O,55000.0,nM,4.26,<rdkit.Chem.rdchem.Mol object at 0x7f5efea3e200>,1
3517,CHEMBL29097,,472.09,1,CC(C)c1ccc2c(c1)c(SC(C)(C)C)c(CC(C)(C)C(=O)O)n2Cc1ccc(Cl)cc1,58000.0,nM,4.24,<rdkit.Chem.rdchem.Mol object at 0x7f5efea3e7b0>,1
3518,CHEMBL307606,,360.35,0,NS(=O)(=O)c1ccc(-c2coc(=O)n2-c2ccc(C(=O)O)cc2)cc1,59000.0,nM,4.23,<rdkit.Chem.rdchem.Mol object at 0x7f5efea3e820>,1
3524,CHEMBL1630247,,403.83,0,CC1CCCC(C)N1Cc1cc2c(cc1Cl)C=C(C(=O)O)C(C(F)(F)F)O2,62200.0,nM,4.21,<rdkit.Chem.rdchem.Mol object at 0x7f5efea3eac0>,1
3533,CHEMBL1275940,BROMOLOXOPROFEN,347.18,0,CC(C(=O)[O-])c1ccc(CC2CCCC2=O)cc1Br.[Na+],65000.0,nM,4.19,<rdkit.Chem.rdchem.Mol object at 0x7f5efea3eeb0>,1
3535,CHEMBL519521,,293.28,0,O=C(O)c1ccccc1/N=C/c1coc2ccccc2c1=O,65720.0,nM,4.18,<rdkit.Chem.rdchem.Mol object at 0x7f5efea3ef90>,1
3556,CHEMBL28545,,412.25,0,NS(=O)(=O)c1ccc(-n2nc(C(=O)O)c(Cl)c2-c2ccc(Cl)cc2)cc1,70000.0,nM,4.16,<rdkit.Chem.rdchem.Mol object at 0x7f5efea3d900>,1
3558,CHEMBL1814720,,344.39,0,CC(C(=O)[O-])c1ccc(CC2CCCC2=O)cc1-c1ccccc1.[Na+],70000.0,nM,4.16,<rdkit.Chem.rdchem.Mol object at 0x7f5efea3d9e0>,1
3560,CHEMBL1814717,,428.38,1,CC(C(=O)[O-])c1ccc(CC2CCCC2=O)c(-c2ccc(OC(F)(F)F)cc2)c1.[Na+],72000.0,nM,4.14,<rdkit.Chem.rdchem.Mol object at 0x7f5efea3dac0>,1
3561,CHEMBL2171272,,412.27,1,CC(C(=O)O)c1ccc2c3cc(Cl)ccc3n(C(=O)c3ccc(Cl)cc3)c2c1,72300.0,nM,4.14,<rdkit.Chem.rdchem.Mol object at 0x7f5efea3db30>,1
3564,CHEMBL3774572,,343.35,0,CC(C(=O)O)c1ccc(-c2cccc(OC(=O)NC3CC3)c2)c(F)c1,74300.0,nM,4.13,<rdkit.Chem.rdchem.Mol object at 0x7f5efea3dc80>,1
3583,CHEMBL1957569,,516.55,2,O=C(N[C@@H](Cc1c[nH]c2ccccc12)C(=O)N[C@@H](CS)C(=O)N[C@@H](CO)C(=O)O)c1ccc(F)cc1,85000.0,nM,4.07,<rdkit.Chem.rdchem.Mol object at 0x7f5efea3c510>,1
3585,CHEMBL169,URSOLIC ACID,456.71,1,C[C@@H]1[C@H]2C3=CC[C@@H]4[C@@]5(C)CC[C@H](O)C(C)(C)[C@@H]5CC[C@@]4(C)[C@]3(C)CC[C@@]2(C(=O)O)CC[C@H]1C,86000.0,nM,4.07,<rdkit.Chem.rdchem.Mol object at 0x7f5efea3c5f0>,1
3587,CHEMBL168,OLEANOLIC_ACID,456.71,1,CC1(C)CC[C@]2(C(=O)O)CC[C@]3(C)C(=CC[C@@H]4[C@@]5(C)CC[C@H](O)C(C)(C)[C@@H]5CC[C@]43C)[C@@H]2C1,87000.0,nM,4.06,<rdkit.Chem.rdchem.Mol object at 0x7f5efea3c6d0>,1
3607,CHEMBL1630245,,389.80,0,CC1CCC(C)N1Cc1cc2c(cc1Cl)C=C(C(=O)O)C(C(F)(F)F)O2,96000.0,nM,4.02,<rdkit.Chem.rdchem.Mol object at 0x7f5efea3cf90>,1
3611,CHEMBL1288537,,274.19,0,COc1ccc2c(c1)C=C(C(=O)O)C(C(F)(F)F)O2,100000.0,nM,4.0,<rdkit.Chem.rdchem.Mol object at 0x7f5efea3b190>,1
3617,CHEMBL1288696,,306.67,0,Cc1c(Cl)cc2c(c1C)O[C@@H](C(F)(F)F)C(C(=O)O)=C2,100000.0,nM,4.0,<rdkit.Chem.rdchem.Mol object at 0x7f5efea3b430>,1
3620,CHEMBL1290801,,342.19,0,Cc1cc(OC(F)(F)F)cc2c1O[C@@H](C(F)(F)F)C(C(=O)O)=C2,100000.0,nM,4.0,<rdkit.Chem.rdchem.Mol object at 0x7f5efea3b580>,1
3621,CHEMBL1630244,,363.76,0,CC(C)N(C)Cc1cc2c(cc1Cl)C=C(C(=O)O)C(C(F)(F)F)O2,100000.0,nM,4.0,<rdkit.Chem.rdchem.Mol object at 0x7f5efea3b5f0>,1
3623,CHEMBL1630246,,377.79,0,CC(C)N(c1cc2c(cc1Cl)C=C(C(=O)O)C(C(F)(F)F)O2)C(C)C,100000.0,nM,4.0,<rdkit.Chem.rdchem.Mol object at 0x7f5efea3b6d0>,1
3634,CHEMBL510672,,322.51,1,CC/C=C/C/C=C/C/C=C/C/C=C/CCSCCCC(=O)O,120000.0,nM,,<rdkit.Chem.rdchem.Mol object at 0x7f5efea3bba0>,1
3635,CHEMBL2262934,,302.37,0,Cc1c(CC(=O)O)cc(-c2ccccc2)cc1-c1ccccc1,120000.0,nM,,<rdkit.Chem.rdchem.Mol object at 0x7f5efea3bc10>,1
3637,CHEMBL190083,TARENFLURBIL,244.26,0,C[C@@H](C(=O)O)c1ccc(-c2ccccc2)c(F)c1,123000.0,nM,,<rdkit.Chem.rdchem.Mol object at 0x7f5efea3bcf0>,1
3642,CHEMBL145,CAFFEIC ACID,180.16,0,O=C(O)/C=C/c1ccc(O)c(O)c1,129700.0,nM,,<rdkit.Chem.rdchem.Mol object at 0x7f5efea3bf20>,1
3645,CHEMBL1957572,,390.37,0,O=C(N[C@@H](Cc1ccc(O)cc1)C(=O)N[C@@H](CO)C(=O)O)c1ccc(F)cc1,140000.0,nM,,<rdkit.Chem.rdchem.Mol object at 0x7f5efea3a0b0>,1
3650,CHEMBL1814723,,390.48,1,CSc1ccc(-c2cc(CC3CCCC3=O)ccc2C(C)C(=O)[O-])cc1.[Na+],150000.0,nM,,<rdkit.Chem.rdchem.Mol object at 0x7f5efea3a2e0>,1
3655,CHEMBL1957567,,576.58,2,O=C(N[C@@H](Cc1ccc(O)cc1)C(=O)N[C@@H](Cc1c[nH]c2ccccc12)C(=O)N[C@@H](CO)C(=O)O)c1ccc(F)cc1,180000.0,nM,,<rdkit.Chem.rdchem.Mol object at 0x7f5efea3a510>,1
3656,CHEMBL458707,,318.46,1,CC/C=C/C/C=C/C/C=C/C/C=C/CC/C=C/COCC(=O)O,180000.0,nM,,<rdkit.Chem.rdchem.Mol object at 0x7f5efea3a580>,1
3664,CHEMBL1957573,,413.41,0,O=C(N[C@@H](Cc1c[nH]c2ccccc12)C(=O)N[C@@H](CO)C(=O)O)c1ccc(F)cc1,200000.0,nM,,<rdkit.Chem.rdchem.Mol object at 0x7f5efea3a900>,1
3668,CHEMBL3933250,,252.29,0,Cc1cc(C)c2c(OC(C)C(=O)O)nsc2n1,218776.16,nM,,<rdkit.Chem.rdchem.Mol object at 0x7f5efea3aac0>,1
3672,CHEMBL3924311,,266.32,0,Cc1cc(C)c2c(OCCCC(=O)O)nsc2n1,245470.89,nM,,<rdkit.Chem.rdchem.Mol object at 0x7f5efea3ac80>,1
3680,CHEMBL3905241,,266.32,0,Cc1cc(C)c2c(=O)n(CCCC(=O)O)sc2n1,269153.48,nM,,<rdkit.Chem.rdchem.Mol object at 0x7f5efea39040>,1
3685,CHEMBL4862239,,400.45,1,CC1=C(CC(=O)O)c2cc(F)ccc2/C1=C\c1cccc(OCc2ccccc2)c1,286100.0,nM,,<rdkit.Chem.rdchem.Mol object at 0x7f5efea39270>,1
3688,CHEMBL1814712,,344.39,0,CC(C(=O)[O-])c1ccc(CC2CCCC2=O)c(-c2ccccc2)c1.[Na+],290000.0,nM,,<rdkit.Chem.rdchem.Mol object at 0x7f5efea393c0>,1
3693,CHEMBL1288591,,313.06,0,O=C(O)C1=Cc2ccc(Cl)c(Cl)c2OC1C(F)(F)F,300000.0,nM,,<rdkit.Chem.rdchem.Mol object at 0x7f5efea395f0>,1
3701,CHEMBL1814713,,358.41,0,Cc1ccc(-c2cc(C(C)C(=O)[O-])ccc2CC2CCCC2=O)cc1.[Na+],420000.0,nM,,<rdkit.Chem.rdchem.Mol object at 0x7f5efea39970>,1
3703,CHEMBL1814722,,374.41,0,COc1ccc(-c2cc(CC3CCCC3=O)ccc2C(C)C(=O)[O-])cc1.[Na+],430000.0,nM,,<rdkit.Chem.rdchem.Mol object at 0x7f5efea39a50>,1
3717,CHEMBL1814708,,394.18,0,CC(C(=O)[O-])c1ccc(CC2CCCC2=O)cc1I.[Na+],540000.0,nM,,<rdkit.Chem.rdchem.Mol object at 0x7f5efea380b0>,1
3719,CHEMBL1814721,,358.41,0,Cc1ccc(-c2cc(CC3CCCC3=O)ccc2C(C)C(=O)[O-])cc1.[Na+],540000.0,nM,,<rdkit.Chem.rdchem.Mol object at 0x7f5efea38190>,1
